‘S‘’n•ûŒö‹¤’c‘ÌƒR[ƒh,ID,’n•ûŒö‹¤’c‘Ì–¼,–¼Ì,–¼Ì_ƒJƒi,–¼Ì_‰pš,Šİ’n_‘S‘’n•ûŒö‹¤’c‘ÌƒR[ƒh,’¬šID,Šİ’n_˜AŒ‹•\‹L,Šİ’n_“s“¹•{Œ§,Šİ’n_s‹æ’¬‘º,Šİ’n_’¬š,Šİ’n_”Ô’nˆÈ‰º,Œš•¨–¼“™(•û‘),ˆÜ“x,Œo“x,‚“x‚Ìí•Ê,‚“x‚Ì’l,İ’uˆÊ’u,“d˜b”Ô†,“àü”Ô†,˜A—æƒ[ƒ‹ƒAƒhƒŒƒX,˜A—æFormURL,˜A—æ”õli‚»‚Ì‘¼ASNS‚È‚Çj,—X•Ö”Ô†,–@l”Ô†,’c‘Ì–¼,—˜—p‰Â”\—j“ú,ŠJnŠÔ,I—¹ŠÔ,—˜—p‰Â”\“ú“Á‹L–€,¬™‘Î‰İ”õ‚Ì—L–³,URL,‰æ‘œ1,‰æ‘œ1_ƒ‰ƒCƒZƒ“ƒX,‰æ‘œ2,‰æ‘œ2_ƒ‰ƒCƒZƒ“ƒX,ŠO•”—˜—p•s‰Â,”õl
122033,,,‚¢‚¿‚©‚íŠÏŒõE•¨YƒCƒ“ƒtƒHƒ[ƒVƒ‡ƒ“i‹Œ”ª”¦s–¯’k˜bºj,²Á¶Ü¶İº³¥ÌŞ¯»İ²İÌ«Ò°¼®İ,,,,ç—tŒ§sìs”ª”¦2’š–Ú4-8,ç—tŒ§,sìs,”ª”¦2’š–Ú,4-8,,35.72257083,139.9279823,,,³–ÊŒºŠÖ,(047)335-1711,,,,,,,,,,,,,http://www.city.ichikawa.lg.jp/pub01/1211000002.html,,,,,,
122033,,,‰–•ls–¯‘ÌˆçŠÙ,¼µÊÏ¼ĞİÀ²¸¶İ,,,,ç—tŒ§sìs‰–•l4’š–Ú9-1,ç—tŒ§,sìs,‰–•l4’š–Ú,9-1,,35.66089245,139.9141429,,,1ŠKÛËŞ-,(047)398-2311,,,,,,,,,,,,,http://www.city.ichikawa.lg.jp/pub01/1211000002.html,,,,,,
122033,,,’nˆæ¹±“ìs“¿‘æ“ñ,Á²·¹±ĞÅĞ·Ş®³Ä¸ÀŞ²Æ,,,,ç—tŒ§sìs‰–•l4’š–Ú2-2-101,ç—tŒ§,sìs,‰–•l4’š–Ú,2-2-101,,35.66245927,139.9132544,,,ŒºŠÖ¶,(047)398-8347,,,,,,,,,,,,,http://www.city.ichikawa.lg.jp/pub01/1211000002.html,,,,,,
122033,,,‰–•l•Ûˆç‰€,¼µÊÏÎ²¸´İ,,,,ç—tŒ§sìs‰–•l4’š–Ú2-10-101,ç—tŒ§,sìs,‰–•l4’š–Ú,2-10-101,,35.66318308,139.9114252,,,ŒºŠÖ,(047)397-2628,,,,,,,,,,,,,http://www.city.ichikawa.lg.jp/pub01/1211000002.html,,,,,,
122033,,,‚¢‚«‚¢‚«¾İÀ-‰–•l,²·²·¾İÀ-¼µÊÏ,,,,ç—tŒ§sìs‰–•l4’š–Ú3-1-101,ç—tŒ§,sìs,‰–•l4’š–Ú,3-1-101,Ê²À³İ‰–•l,35.66309961,139.9133149,,,1ŠKŒºŠÖ,(047)395-2586,,,,,,,,,,,,,http://www.city.ichikawa.lg.jp/pub01/1211000002.html,,,,,,
122033,,,‰–•lŠw‰€(‘OŠú‰Û’ö),¼µÊÏ¶Ş¸´İ(º³·¶Ã²),,,,ç—tŒ§sìs‰–•l4’š–Ú6-1,ç—tŒ§,sìs,‰–•l4’š–Ú,6-1,,35.66385813,139.9156376,,,ŒºŠÖ,(047)397-4421,,,,,,,,,,,,,http://www.city.ichikawa.lg.jp/pub01/1211000002.html,,,,,,
122033,,,‰–•lŠw‰€(ŒãŠú‰Û’ö),¼µÊÏ¶Ş¸´İ(¾Şİ·¶Ã²),,,,ç—tŒ§sìs‰–•l4’š–Ú5-1,ç—tŒ§,sìs,‰–•l4’š–Ú,5-1,,35.66525808,139.9142762,,,ŒºŠÖ,(047)397-1250,,,,,,,,,,,,,http://www.city.ichikawa.lg.jp/pub01/1211000002.html,,,,,,
122033,,,•Ÿ‰h½Îß-ÂLê,Ì¸´²½Îß-ÂËÛÊŞ,,,,ç—tŒ§sìs•Ÿ‰h4’š–Ú32-4,ç—tŒ§,sìs,•Ÿ‰h4’š–Ú,32-4,,35.66666259,139.9119985,,,ŠÇ—“ó•t‰¡,(047)398-0606,,,,,,,,,,,,,http://www.city.ichikawa.lg.jp/pub01/1211000002.html,,,,,,
122033,,,‚¢‚«‚¢‚«¾İÀ-•Ÿ‰h,²·²·¾İÀ-Ì¸´²,,,,ç—tŒ§sìs•Ÿ‰h4’š–Ú32-2,ç—tŒ§,sìs,•Ÿ‰h4’š–Ú,32-2,,35.66939283,139.9106694,,,1ŠKÎ-Ù,(047)395-6906,,,,,,,,,,,,,http://www.city.ichikawa.lg.jp/pub01/1211000002.html,,,,,,
122033,,,Vˆä’nˆæ‚Ó‚ê‚ ‚¢ŠÙ,±×²Á²·ÌÚ±İ¶İ,,,,ç—tŒ§sìsVˆä3’š–Ú31-1,ç—tŒ§,sìs,Vˆä3’š–Ú,31-1,,35.66974838,139.8986617,,,ŒºŠÖ³–Ê,(047)395-5019,,,,,,,,,,,,,http://www.city.ichikawa.lg.jp/pub01/1211000002.html,,,,,,
122033,,,“ìs“¿’†ŠwZ,ĞÅĞ·Ş®³Ä¸Á­³¶Ş¯º³,,,,ç—tŒ§sìs“ìs“¿2’š–Ú2-2,ç—tŒ§,sìs,“ìs“¿2’š–Ú,2-2,,35.6709626,139.9072297,,,EˆõŒºŠÖ,(047)397-5910,,,,,,,,,,,,,http://www.city.ichikawa.lg.jp/pub01/1211000002.html,,,,,,
122033,,,•x”ü•l¬ŠwZ,ÌĞÊÏ¼®³¶Ş¯º³,,,,ç—tŒ§sìs“ìs“¿2’š–Ú3-1,ç—tŒ§,sìs,“ìs“¿2’š–Ú,3-1,,35.67152659,139.9053257,,,Z’·º‘O,(047)396-2522,,,,,,,,,,,,,http://www.city.ichikawa.lg.jp/pub01/1211000002.html,,,,,,
122033,,,“ìs“¿•ÛŒ’¾İÀ-,ĞÅĞ·Ş®³Ä¸Î¹İ¾İÀ-,,,,ç—tŒ§sìs“ìs“¿1’š–Ú21-1,ç—tŒ§,sìs,“ìs“¿1’š–Ú,21-1,,35.67168285,139.9014293,,,––±º“à,(047)359-8785,,,,,,,,,,,,,http://www.city.ichikawa.lg.jp/pub01/1211000002.html,,,,,,
122033,,,“ìs“¿s–¯¾İÀ-,ĞÅĞ·Ş®³Ä¸¼Ğİ¾İÀ-,,,,ç—tŒ§sìs“ìs“¿1’š–Ú21-1,ç—tŒ§,sìs,“ìs“¿1’š–Ú,21-1,,35.67157919,139.9012819,,,³–ÊŒºŠÖ,(047)359-7891,,,,,,,,,,,,,http://www.city.ichikawa.lg.jp/pub01/1211000002.html,,,,,,
122033,,,•Ÿ‰h¬ŠwZ,Ì¸´²¼®³¶Ş¯º³,,,,ç—tŒ§sìs“ìs“¿2’š–Ú2-1,ç—tŒ§,sìs,“ìs“¿2’š–Ú,2-1,,35.67188268,139.9070968,,,s–¯}‘º‘O˜L‰º,(047)397-8115,,,,,,,,,,,,,http://www.city.ichikawa.lg.jp/pub01/1211000002.html,,,,,,
122033,,,•Ÿ‰h’†ŠwZ,Ì¸´Á­³¶Ş¯º³,,,,ç—tŒ§sìs•Ÿ‰h3’š–Ú4-1,ç—tŒ§,sìs,•Ÿ‰h3’š–Ú,4-1,,35.67381073,139.910022,,,EˆõŒºŠÖ,(047)396-0701,,,,,,,,,,,,,http://www.city.ichikawa.lg.jp/pub01/1211000002.html,,,,,,
122033,,,“ìV•l¬ŠwZ,ĞÅĞÆ²ÊÏ¼®³¶Ş¯º³,,,,ç—tŒ§sìsV•l1’š–Ú26-1,ç—tŒ§,sìs,V•l1’š–Ú,26-1,,35.67459572,139.916584,,,ŒºŠÖ³–Ê,(047)396-9731,,,,,,,,,,,,,http://www.city.ichikawa.lg.jp/pub01/1211000002.html,,,,,,
122033,,,Vˆä¬ŠwZ,±×²¼®³¶Ş¯º³,,,,ç—tŒ§sìsVˆä1’š–Ú18-13,ç—tŒ§,sìs,Vˆä1’š–Ú,18-13,,35.67395687,139.8905462,,,1ŠK¸~Œû,(047)357-1722,,,,,,,,,,,,,http://www.city.ichikawa.lg.jp/pub01/1211000002.html,,,,,,
122033,,,•x”ü•l’nˆæ‚Ó‚ê‚ ‚¢ŠÙ,ÌĞÊÏÁ²·ÌÚ±²¶İ,,,,ç—tŒ§sìsŒ‡^ŠÔ2’š–Ú31-5,ç—tŒ§,sìs,Œ‡^ŠÔ2’š–Ú,31-5,,35.6753644,139.9054193,,,ŒºŠÖ³–Ê,(047)356-5844,,,,,,,,,,,,,http://www.city.ichikawa.lg.jp/pub01/1211000002.html,,,,,,
122033,,,‚¢‚«‚¢‚«¾İÀ-“ú”Vo,²·²·¾İÀ-ËÉÃŞ,,,,ç—tŒ§sìs“ú”Vo8-18,ç—tŒ§,sìs,“ú”Vo,8-18,,35.67809408,139.9236631,,,1ŠKŒºŠÖ,(047)397-8221,,,,,,,,,,,,,http://www.city.ichikawa.lg.jp/pub01/1211000002.html,,,,,,
122033,,,s“¿•Ûˆç‰€,·Ş®³Ä¸Î²¸´İ,,,,ç—tŒ§sìss“¿‰w‘O4’š–Ú22-17,ç—tŒ§,sìs,s“¿‰w‘O4’š–Ú,22-17,,35.67848775,139.9136851,,,––±º,(047)395-4843,,,,,,,,,,,,,http://www.city.ichikawa.lg.jp/pub01/1211000002.html,,,,,,
122033,,,L”ö–hĞŒö‰€,ËÛµÎŞ³»²º³´İ,,,,ç—tŒ§sìsL”ö2’š–Ú3,ç—tŒ§,sìs,L”ö2’š–Ú,3,,35.6787706,139.8893155,,,––±Š“à,(047)359-0155,,,,,,,,,,,,,http://www.city.ichikawa.lg.jp/pub01/1211000002.html,,,,,,
122033,,,æ’nˆæ‚Ó‚ê‚ ‚¢ŠÙ,¶İÄŞØÁ²·ÌÚ±²¶İ,,,,ç—tŒ§sìsæ2’š–Ú19-1,ç—tŒ§,sìs,æ2’š–Ú,19-1,,35.67914621,139.9100237,,,ŒºŠÖ³–Ê,(047)358-3854,,,,,,,,,,,,,http://www.city.ichikawa.lg.jp/pub01/1211000002.html,,,,,,
122033,,,“ìs“¿—c’t‰€,ĞÅĞ·Ş®³Ä¸Ö³Á´İ,,,,ç—tŒ§sìsŒ‡^ŠÔ1’š–Ú6-15,ç—tŒ§,sìs,Œ‡^ŠÔ1’š–Ú,6-15,,35.67953437,139.9007403,,,EˆõŒºŠÖ“üŒû,(047)358-5333,,,,,,,,,,,,,http://www.city.ichikawa.lg.jp/pub01/1211000002.html,,,,,,
122033,,,sìs“ìÁ–h,²Á¶Ü¼ĞÅĞ¼®³ÎŞ³¼®,,,,ç—tŒ§sìss“¿‰w‘O4’š–Ú6-19,ç—tŒ§,sìs,s“¿‰w‘O4’š–Ú,6-19,,35.67958484,139.9151399,,,1ŠKó•t,(047)397-0119,,,,,,,,,,,,,http://www.city.ichikawa.lg.jp/pub01/1211000002.html,,,,,,
122033,,,æ•Ûˆç‰€,¶İÄŞØÎ²¸´İ,,,,ç—tŒ§sìsæ2’š–Ú6-25,ç—tŒ§,sìs,æ2’š–Ú,6-25,,35.67962661,139.9091528,,,ŒºŠÖƒz[ƒ‹,(047)357-4191,,,,,,,,,,,,,http://www.city.ichikawa.lg.jp/pub01/1211000002.html,,,,,,
122033,,,V•l—c’t‰€,Æ²ÊÏÖ³Á´İ,,,,ç—tŒ§sìss“¿‰w‘O4’š–Ú5-2,ç—tŒ§,sìs,s“¿‰w‘O4’š–Ú,5-2,,35.67975068,139.9169595,,,EˆõŒºŠÖ“üŒû,(047)396-2521,,,,,,,,,,,,,http://www.city.ichikawa.lg.jp/pub01/1211000002.html,,,,,,
122033,,,sìs“ìÁ–hL”öo’£Š,²Á¶Ü¼ĞÅĞ¼®³ÎŞ³¼®ËÛµ¼­¯Á®³¼Ş®,,,,ç—tŒ§sìsL”ö2’š–Ú2-12,ç—tŒ§,sìs,L”ö2’š–Ú,2-12,,35.67976465,139.890571,,,1ŠKó•t,(047)306-0119,,,,,,,,,,,,,http://www.city.ichikawa.lg.jp/pub01/1211000002.html,,,,,,
122033,,,V•l¬ŠwZ,Æ²ÊÏ¼®³¶Ş¯º³,,,,ç—tŒ§sìss“¿‰w‘O4’š–Ú5-1,ç—tŒ§,sìs,s“¿‰w‘O4’š–Ú,5-1,,35.68002287,139.9163037,,,Eˆõº‘O,(047)395-5331,,,,,,,,,,,,,http://www.city.ichikawa.lg.jp/pub01/1211000002.html,,,,,,
122033,,,“ìs“¿Œö–¯ŠÙ,ĞÅĞ·Ş®³Ä¸º³Ğİ¶İ,,,,ç—tŒ§sìs‘Š”Vì1’š–Ú3-7,ç—tŒ§,sìs,‘Š”Vì1’š–Ú,3-7,,35.68023121,139.8991092,,,³–ÊŒºŠÖ,(047)356-7371,,,,,,,,,,,,,http://www.city.ichikawa.lg.jp/pub01/1211000002.html,,,,,,
122033,,,KŒö–¯ŠÙ,»²Ü²º³Ğİ¶İ,,,,ç—tŒ§sìsK1’š–Ú16-18,ç—tŒ§,sìs,K1’š–Ú,16-18,,35.68033567,139.9278491,,,ŒºŠÖ,(047)398-0481,,,,,,,,,,,,,http://www.city.ichikawa.lg.jp/pub01/1211000002.html,,,,,,
122033,,,“ìs“¿¬ŠwZ,ĞÅĞ·Ş®³Ä¸¼®³¶Ş¯º³,,,,ç—tŒ§sìsŒ‡^ŠÔ1’š–Ú6-38,ç—tŒ§,sìs,Œ‡^ŠÔ1’š–Ú,6-38,,35.68048109,139.9013056,,,Eˆõº‘O,(047)357-3126,,,,,,,,,,,,,http://www.city.ichikawa.lg.jp/pub01/1211000002.html,,,,,,
122033,,,“ìs“¿}‘ŠÙ,ĞÅĞ·Ş®³Ä¸Ä¼®¶İ,,,,ç—tŒ§sìs‘Š”Vì1’š–Ú2-4,ç—tŒ§,sìs,‘Š”Vì1’š–Ú,2-4,,35.68086077,139.8999034,,,1ŠKƒJƒEƒ“ƒ^[“à,(047)357-4188,,,,,,,,,,,,,http://www.city.ichikawa.lg.jp/pub01/1211000002.html,,,,,,
122033,,,K¬ŠwZ,»²Ü²¼®³¶Ş¯º³,,,,ç—tŒ§sìsK1’š–Ú11-1,ç—tŒ§,sìs,K1’š–Ú,11-1,,35.68102148,139.9298989,,,1ŠK•ÛŒ’º‘O,(047)346-0770,,,,,,,,,,,,,http://www.city.ichikawa.lg.jp/pub01/1211000002.html,,,,,,
122033,,,‚¢‚«‚¢‚«¾İÀ-“ìs“¿,²·²·¾İÀ-ĞÅĞ·Ş®³Ä¸,,,,ç—tŒ§sìsæ1’š–Ú17-18,ç—tŒ§,sìs,æ1’š–Ú,17-18,,35.68226973,139.9032718,,,1ŠKŒºŠÖ,(047)357-1104,,,,,,,,,,,,,http://www.city.ichikawa.lg.jp/pub01/1211000002.html,,,,,,
122033,,,‰–Ä¬ŠwZ,¼µÔ·¼®³¶Ş¯º³,,,,ç—tŒ§sìs‰–Ä5’š–Ú9-8,ç—tŒ§,sìs,‰–Ä5’š–Ú,9-8,,35.68402829,139.9302299,,,––±º‘O,(047)397-1231,,,,,,,,,,,,,http://www.city.ichikawa.lg.jp/pub01/1211000002.html,,,,,,
122033,,,sìs“ŒÁ–h‚’Jo’£Š,²Á¶Ü¼Ë¶Ş¼¼®³ÎŞ³¼®º³Ô¼­¯Á®³¼®,,,,ç—tŒ§sìs‚’J2023-10,ç—tŒ§,sìs,‚’J,2023-10,,35.68502068,139.9496456,,,1ŠKó•t,(047)327-0119,,,,,,,,,,,,,http://www.city.ichikawa.lg.jp/pub01/1211000002.html,,,,,,
122033,,,‰–Ä—c’t‰€,¼µÔ·Ö³Á´İ,,,,ç—tŒ§sìs‰–Ä5’š–Ú9-1,ç—tŒ§,sìs,‰–Ä5’š–Ú,9-1,,35.68490998,139.9297248,,,Eˆõº“üŒû,(047)397-3857,,,,,,,,,,,,,http://www.city.ichikawa.lg.jp/pub01/1211000002.html,,,,,,
122033,,,–©’nˆæ‚Ó‚ê‚ ‚¢ŠÙ,ĞÅÄÁ²·ÌÚ±²¶İ,,,,ç—tŒ§sìs–©11-18,ç—tŒ§,sìs,–©,11-18,,35.68504181,139.9101522,,,ŒºŠÖ³–Ê,(047)357-9864,,,,,,,,,,,,,http://www.city.ichikawa.lg.jp/pub01/1211000002.html,,,,,,
122033,,,s“¿}‘ŠÙ,·Ş®³Ä¸Ä¼®¶İ,,,,ç—tŒ§sìs––L1’š–Ú1-31,ç—tŒ§,sìs,––L1’š–Ú,1-31,,35.68527961,139.9167271,,,2ŠK“üŒû˜e,(047)358-9011,,,,,,,,,,,,,http://www.city.ichikawa.lg.jp/pub01/1211000002.html,,,,,,
122033,,,‰–Ä‘æ2•Ûˆç‰€,¼µÔ¸ÀŞ²ÆÎ²¸´İ,,,,ç—tŒ§sìs‰–Ä3’š–Ú11-15,ç—tŒ§,sìs,‰–Ä3’š–Ú,11-15,,35.68534785,139.9245812,,,ŒºŠÖƒz[ƒ‹,(047)395-5176,,,,,,,,,,,,,http://www.city.ichikawa.lg.jp/pub01/1211000002.html,,,,,,
122033,,,s“¿xŠ,·Ş®³Ä¸¼¼®,,,,ç—tŒ§sìs––L1’š–Ú1-31,ç—tŒ§,sìs,––L1’š–Ú,1-31,,35.68571235,139.9163707,,,Œö–¯ŠÙ“üŒû,(047)359-1114,,,,,,,,,,,,,http://www.city.ichikawa.lg.jp/pub01/1211000002.html,,,,,,
122033,,,s“¿•¶‰»Î-ÙI&I,·Ş®³Ä¸ÌŞİ¶Î-Ù±²±İÄŞ±²,,,,ç—tŒ§sìs––L1’š–Ú1-48,ç—tŒ§,sìs,––L1’š–Ú,1-48,,35.68612101,139.9165716,,,1ŠKÛËŞ-,(047)701-3011,,,,,,,,,,,,,http://www.city.ichikawa.lg.jp/pub01/1211000002.html,,,,,,
122033,,,‘æµ’†ŠwZ,ÀŞ²ÅÅÁ­³¶Ş¯º³,,,,ç—tŒ§sìs––L1’š–Ú1-48,ç—tŒ§,sìs,––L1’š–Ú,1-48,,35.68651524,139.9172473,,,—ˆ‹qÒ—pŒºŠÖ,(047)357-3183,,,,,,,,,,,,,http://www.city.ichikawa.lg.jp/pub01/1211000002.html,,,,,,
122033,,,–­“T’†ŠwZ,Ğ®³ÃŞİÁ­³¶Ş¯º³,,,,ç—tŒ§sìs–­“T5’š–Ú22-1,ç—tŒ§,sìs,–­“T5’š–Ú,22-1,,35.68811628,139.9337075,,,Eˆõº‘O,(047)395-5811,,,,,,,,,,,,,http://www.city.ichikawa.lg.jp/pub01/1211000002.html,,,,,,
122033,,,‰–Ä•Ûˆç‰€,¼µÔ·Î²¸´İ,,,,ç—tŒ§sìs‰–Ä2’š–Ú2-5,ç—tŒ§,sìs,‰–Ä2’š–Ú,2-5,,35.68829506,139.9265158,,,ŒºŠÖƒz[ƒ‹,(047)396-0169,,,,,,,,,,,,,http://www.city.ichikawa.lg.jp/pub01/1211000002.html,,,,,,
122033,,,¸Ø-İ¾İÀ-,¸Ø-İ¾İÀ-,,,,ç—tŒ§sìs“cK1003,ç—tŒ§,sìs,“cK,1003,,35.6882975,139.942846,,,’†‰›§Œäº“à,(047)327-0288,,,,,,,,,,,,,http://www.city.ichikawa.lg.jp/pub01/1211000002.html,,,,,,
122033,,,s“¿’nˆæ‚Ó‚ê‚ ‚¢ŠÙ,·Ş®³Ä¸Á²·ÌÚ±²¶İ,,,,ç—tŒ§sìs•x•l2’š–Ú5-19,ç—tŒ§,sìs,•x•l2’š–Ú,5-19,,35.68884855,139.9216715,,,ŒºŠÖ³–Ê,(047)357-3276,,,,,,,,,,,,,http://www.city.ichikawa.lg.jp/pub01/1211000002.html,,,,,,
122033,,,s“¿¬ŠwZ,·Ş®³Ä¸¼®³¶Ş¯º³,,,,ç—tŒ§sìs•x•l1’š–Ú1-40,ç—tŒ§,sìs,•x•l1’š–Ú,1-40,,35.69279817,139.9237401,,,EˆõŒºŠÖ,(047)357-3116,,,,,,,,,,,,,http://www.city.ichikawa.lg.jp/pub01/1211000002.html,,,,,,
122033,,,sìs“ìÁ–hs“¿o’£Š,²Á¶Ü¼ĞÅĞ¼®³ÎŞ³¼®·Ş®³Ä¸¼­¯Á®³¼Ş®,,,,ç—tŒ§sìs–{s“¿12-10,ç—tŒ§,sìs,–{s“¿,12-10,,35.6942926,139.9181406,,,1ŠKó•t,(047)356-0119,,,,,,,,,,,,,http://www.city.ichikawa.lg.jp/pub01/1211000002.html,,,,,,
122033,,,–{s“¿Œö–¯ŠÙ,Îİ·Ş®³Ä¸º³Ğİ¶İ,,,,ç—tŒ§sìs–{s“¿12-8,ç—tŒ§,sìs,–{s“¿,12-8,,35.69454942,139.9182866,,,1ŠK´ÚÍŞ-À-‰¡,(047)359-1351,,,,,,,,,,,,,http://www.city.ichikawa.lg.jp/pub01/1211000002.html,,,,,,
122033,,,‚’J’†ŠwZ,º³ÔÁ­³¶Ş¯º³,,,,ç—tŒ§sìs‚’J1627-4,ç—tŒ§,sìs,‚’J,1627-4,,35.6947412,139.9453145,,,Eˆõº‘O,(047)328-0211,,,,,,,,,,,,,http://www.city.ichikawa.lg.jp/pub01/1211000002.html,,,,,,
122033,,,–­“T¬ŠwZ,Ğ®³ÃŞİ¼®³¶Ş¯º³,,,,ç—tŒ§sìs–­“T2’š–Ú14-2,ç—tŒ§,sìs,–­“T2’š–Ú,14-2,,35.69616519,139.9298327,,,]ŒËì‘¤iƒsƒ“ƒNƒhƒAjŒºŠÖ˜e,(047)399-5891,,,,,,,,,,,,,http://www.city.ichikawa.lg.jp/pub01/1211000002.html,,,,,,
122033,,,g‘Ìá‚ª‚¢Ò•Ÿƒ¾İÀ-,¼İÀ²¼®³¶Ş²¼¬Ì¸¼¾İÀ-,,,,ç—tŒ§sìs–{s“¿1-5,ç—tŒ§,sìs,–{s“¿,1-5,,35.6962148,139.9193014,,,––±ºƒJƒEƒ“ƒ^[,(047)357-9165,,,,,,,,,,,,,http://www.city.ichikawa.lg.jp/pub01/1211000002.html,,,,,,
122033,,,“ñ–“¬ŠwZ,ÌÀÏÀ¼®³¶Ş¯º³,,,,ç—tŒ§sìs“ñ–“678,ç—tŒ§,sìs,“ñ–“,678,,35.69696469,139.9566022,,,ŒºŠÖ³–Ê,(047)328-0105,,,,,,,,,,,,,http://www.city.ichikawa.lg.jp/pub01/1211000002.html,,,,,,
122033,,,M“Ä¬ŠwZ,¼İÄ¸¼®³¶Ş¯º³,,,,ç—tŒ§sìsŒ´–Ø2’š–Ú16-1,ç—tŒ§,sìs,Œ´–Ø2’š–Ú,16-1,,35.69815584,139.9437047,,,Eˆõº‘O,(047)328-0165,,,,,,,,,,,,,http://www.city.ichikawa.lg.jp/pub01/1211000002.html,,,,,,
122033,,,M“Ä—c’t‰€,¼İÄ¸Ö³Á´İ,,,,ç—tŒ§sìs‚’J1’š–Ú8-1,ç—tŒ§,sìs,‚’J1’š–Ú,8-1,,35.70148448,139.9416864,,,ŒºŠÖ•t‹ß,(047)328-2325,,,,,,,,,,,,,http://www.city.ichikawa.lg.jp/pub01/1211000002.html,,,,,,
122033,,,M“Äs–¯‘ÌˆçŠÙ,¼İÄ¸¼ĞİÀ²¸¶İ,,,,ç—tŒ§sìs‚’J1’š–Ú8-2,ç—tŒ§,sìs,‚’J1’š–Ú,8-2,,35.70169648,139.9422535,,,³–ÊŒºŠÖ,(047)327-6336,,,,,,,,,,,,,http://www.city.ichikawa.lg.jp/pub01/1211000002.html,,,,,,
122033,,,M“ÄŒö–¯ŠÙ,¼İÄ¸º³Ğİ¶İ,,,,ç—tŒ§sìs‚’J1’š–Ú8-1,ç—tŒ§,sìs,‚’J1’š–Ú,8-1,,35.70171451,139.9418168,,,Œö–¯ŠÙ––±º,(047)327-6807,,,,,,,,,,,,,http://www.city.ichikawa.lg.jp/pub01/1211000002.html,,,,,,
122033,,,‚¢‚«‚¢‚«¾İÀ-“cK,²·²·¾İÀ-À¼ŞØ,,,,ç—tŒ§sìs“cK4’š–Ú13-3,ç—tŒ§,sìs,“cK4’š–Ú,13-3,,35.70332935,139.9344241,,,1ŠKŒºŠÖ,(047)379-8631,,,,,,,,,,,,,http://www.city.ichikawa.lg.jp/pub01/1211000002.html,,,,,,
122033,,,‘æ˜Z’†ŠwZ,ÀŞ²Û¸Á­³¶Ş¯º³,,,,ç—tŒ§sìs‹S‚3’š–Ú16-1,ç—tŒ§,sìs,‹S‚3’š–Ú,16-1,,35.71085001,139.9360018,,,Eˆõº‘O,(047)370-0535,,,,,,,,,,,,,http://www.city.ichikawa.lg.jp/pub01/1211000002.html,,,,,,
122033,,,‚±‚Ç‚à”­’B¾İÀ-•ªŠÙ,ºÄŞÓÊ¯ÀÂ¾İÀ-ÌŞİ¶İ,,,,ç—tŒ§sìsˆî‰×–Ø1’š–Ú14-1,ç—tŒ§,sìs,ˆî‰×–Ø1’š–Ú,14-1,,35.71183109,139.9208549,,,ŒºŠÖƒƒr[,(047)712-6555,,,,,,,,,,,,,http://www.city.ichikawa.lg.jp/pub01/1211000002.html,,,,,,
122033,,,‹S‚•Ûˆç‰€,µÆÀ¶Î²¸´İ,,,,ç—tŒ§sìs‹S‚1’š–Ú11-20,ç—tŒ§,sìs,‹S‚1’š–Ú,11-20,,35.71149149,139.932224,,,––±º,(047)378-8186,,,,,,,,,,,,,http://www.city.ichikawa.lg.jp/pub01/1211000002.html,,,,,,
122033,,,ˆî‰×–Ø•Ûˆç‰€,Ä³¶·ŞÎ²¸´İ,,,,ç—tŒ§sìsˆî‰×–Ø1’š–Ú26-16,ç—tŒ§,sìs,ˆî‰×–Ø1’š–Ú,26-16,,35.71168472,139.9246435,,,––±º,(047)377-5070,,,,,,,,,,,,,http://www.city.ichikawa.lg.jp/pub01/1211000002.html,,,,,,
122033,,,ˆî‰×–Ø¬ŠwZ,Ä³¶·Ş¼®³¶Ş¯º³,,,,ç—tŒ§sìsˆî‰×–Ø1’š–Ú14-1,ç—tŒ§,sìs,ˆî‰×–Ø1’š–Ú,14-1,,35.71159763,139.9217963,,,EˆõŒºŠÖ,(047)376-5961,,,,,,,,,,,,,http://www.city.ichikawa.lg.jp/pub01/1211000002.html,,,,,,
122033,,,‹S‚Œö–¯ŠÙ,µÆÀ¶º³Ğİ¶İ,,,,ç—tŒ§sìs‹S‚2’š–Ú12-23,ç—tŒ§,sìs,‹S‚2’š–Ú,12-23,,35.7132421,139.9388062,,,––±º‰¡,(047)334-2612,,,,,,,,,,,,,http://www.city.ichikawa.lg.jp/pub01/1211000002.html,,,,,,
122033,,,‹Î˜J•Ÿƒ¾İÀ-,·İÛ³Ì¸¼¾İÀ-,,,,ç—tŒ§sìs“ì”ª”¦2’š–Ú20-1,ç—tŒ§,sìs,“ì”ª”¦2’š–Ú,20-1,,35.71375603,139.9273655,,,ŒºŠÖ³–Ê‰¡,(047)370-5201,,,,,,,,,,,,,http://www.city.ichikawa.lg.jp/pub01/1211000002.html,,,,,,
122033,,,‹S‚¬ŠwZ,µÆÀ¶¼®³¶Ş¯º³,,,,ç—tŒ§sìs‹S‚2’š–Ú13-5,ç—tŒ§,sìs,‹S‚2’š–Ú,13-5,,35.7139329,139.9376006,,,Eˆõº‘O,(047)335-0304,,,,,,,,,,,,,http://www.city.ichikawa.lg.jp/pub01/1211000002.html,,,,,,
122033,,,¶ŠUŠwK¾İÀ- ÒÃŞƒB±Êß-¸sì,¼®³¶Ş²¶Ş¸¼­³¾İÀ-ÒÃŞ¨±Êß-¸²Á¶Ü,,,,ç—tŒ§sìs‹S‚1’š–Ú1-4,ç—tŒ§,sìs,‹S‚1’š–Ú,1-4,,35.71565347,139.932073,,,‹³ˆç¾İÀ-ó•t¥¶ŠUŠwKƒZƒ“ƒ^[1ŠKƒƒr[,(047)320-3335,,,,,,,,,,,,,http://www.city.ichikawa.lg.jp/pub01/1211000002.html,,,,,,
122033,,,‘åF•Ûˆç‰€,µµ½Î²¸´İ,,,,ç—tŒ§sìs‘åF2’š–Ú3-8,ç—tŒ§,sìs,‘åF2’š–Ú,3-8,,35.71607788,139.9118261,,,ŒºŠÖ,(047)378-3331,,,,,,,,,,,,,http://www.city.ichikawa.lg.jp/pub01/1211000002.html,,,,,,
122033,,,‹S‰zE‹S‚’nˆæ‚Ó‚ê‚ ‚¢ŠÙ,µÆºŞ´µÆÀ¶Á²·ÌÚ±²¶İ,,,,ç—tŒ§sìs‹S‰z2’š–Ú15-10,ç—tŒ§,sìs,‹S‰z2’š–Ú,15-10,,35.71650735,139.9381205,,,ŒºŠÖ³–Ê,(047)335-9838,,,,,,,,,,,,,http://www.city.ichikawa.lg.jp/pub01/1211000002.html,,,,,,
122033,,,•¶‰»‰ïŠÙ,ÌŞİ¶¶²¶İ,,,,ç—tŒ§sìs‘å˜a“c1’š–Ú1-5,ç—tŒ§,sìs,‘å˜a“c1’š–Ú,1-5,,35.7168087,139.9210079,,,––±ºE‘åƒz[ƒ‹Šy‰®’Ê˜H,(047)379-5111,,,,,,,,,,,,,http://www.city.ichikawa.lg.jp/pub01/1211000002.html,,,,,,
122033,,,’†R‘‹Œû˜A—Š,Å¶ÔÏÏÄŞ¸ŞÁÚİ×¸¼Ş®,,,,ç—tŒ§sìs’†R4’š–Ú14-1,ç—tŒ§,sìs,’†R4’š–Ú,14-1,,35.71727681,139.9459231,,,1ŠK·–±º“à,(047)332-6661,,,,,,,,,,,,,http://www.city.ichikawa.lg.jp/pub01/1211000002.html,,,,,,
122033,,,´‰Ø‰€,¾²¶´İ,,,,ç—tŒ§sìs’†R4’š–Ú14-1,ç—tŒ§,sìs,’†R4’š–Ú,14-1,,35.71719924,139.9459885,,,³–ÊŒºŠÖ˜e,(047)333-6147,,,,,,,,,,,,,http://www.city.ichikawa.lg.jp/pub01/1211000002.html,,,,,,
122033,,,‘å˜a“c¬ŠwZ,µµÜÀŞ¼®³¶Ş¯º³,,,,ç—tŒ§sìs‘å˜a“c1’š–Ú1-3,ç—tŒ§,sìs,‘å˜a“c1’š–Ú,1-3,,35.71766999,139.9216572,,,Eˆõº‘O,(047)378-5001,,,,,,,,,,,,,http://www.city.ichikawa.lg.jp/pub01/1211000002.html,,,,,,
122033,,,•ÛŒ’¾İÀ-,Î¹İ¾İÀ-,,,,ç—tŒ§sìs“ì”ª”¦4’š–Ú18-8,ç—tŒ§,sìs,“ì”ª”¦4’š–Ú,18-8,,35.71741023,139.9239765,,,ŒºŠÖi•—œºj,(047)377-4511,,,,,,,,,,,,,http://www.city.ichikawa.lg.jp/pub01/1211000002.html,,,,,,
122033,,,sìs¼Á–h‘åFo’£Š,²Á¶Ü¼Æ¼Ş¼¼®³ÎŞ³¼®µµ½¼­¯Á®³¼Ş®,,,,ç—tŒ§sìs‘åF1’š–Ú18-1,ç—tŒ§,sìs,‘åF1’š–Ú,18-1,,35.71785499,139.9108748,,,1ŠKó•t,(047)376-0119,,,,,,,,,,,,,http://www.city.ichikawa.lg.jp/pub01/1211000002.html,,,,,,
122033,,,’ßw¬ŠwZ,ÂÙ»¼¼®³¶Ş¯º³,,,,ç—tŒ§sìs‘å˜a“c4’š–Ú11-1,ç—tŒ§,sìs,‘å˜a“c4’š–Ú,11-1,,35.71813496,139.9157266,,,Eˆõº‘O,(047)379-3588,,,,,,,,,,,,,http://www.city.ichikawa.lg.jp/pub01/1211000002.html,,,,,,
122033,,,‹}•af—ÃŠ,·­³ËŞ®³¼İØ®³¼®,,,,ç—tŒ§sìs‘åF1’š–Ú18-1,ç—tŒ§,sìs,‘åF1’š–Ú,18-1,,35.71802366,139.9109634,,,1ŠKó•t,(047)377-1222,,,,,,,,,,,,,http://www.city.ichikawa.lg.jp/pub01/1211000002.html,,,,,,
122033,,,‘å˜a“c•Ûˆç‰€,µµÜÀŞÎ²¸´İ,,,,ç—tŒ§sìs‘å˜a“c4’š–Ú4-1,ç—tŒ§,sìs,‘å˜a“c4’š–Ú,4-1,,35.71870834,139.9163885,,,ŒºŠÖ,(047)377-1700,,,,,,,,,,,,,http://www.city.ichikawa.lg.jp/pub01/1211000002.html,,,,,,
122033,,,”ª”¦’nˆæ‚Ó‚ê‚ ‚¢ŠÙ,ÔÜÀÁ²·ÌÚ±²¶İ,,,,ç—tŒ§sìs”ª”¦1’š–Ú21-10,ç—tŒ§,sìs,”ª”¦1’š–Ú,21-10,,35.71886181,139.9323711,,,ŒºŠÖ³–Ê,(047)332-5538,,,,,,,,,,,,,http://www.city.ichikawa.lg.jp/pub01/1211000002.html,,,,,,
122033,,,‹Î˜J•Ÿƒ¾İÀ-•ªŠÙ,·İÛ³Ì¸¼¾İÀ-ÌŞİ¶İ,,,,ç—tŒ§sìs“ì”ª”¦5’š–Ú20-3,ç—tŒ§,sìs,“ì”ª”¦5’š–Ú,20-3,,35.71883625,139.9211129,,,ŒºŠÖ,(047)370-1357,,,,,,,,,,,,,http://www.city.ichikawa.lg.jp/pub01/1211000002.html,,,,,,
122033,,,‘æ”ª’†ŠwZ,ÀŞ²ÊÁÁ­³¶Ş¯º³,,,,ç—tŒ§sìs‘å˜a“c4’š–Ú9-1,ç—tŒ§,sìs,‘å˜a“c4’š–Ú,9-1,,35.71914786,139.9149047,,,•ÛŒ’º‘O,(047)370-1394,,,,,,,,,,,,,http://www.city.ichikawa.lg.jp/pub01/1211000002.html,,,,,,
122033,,,sìsÁ–h‹Ç,²Á¶Ü¼¼®³ÎŞ³·®¸,,,,ç—tŒ§sìs”ª”¦1’š–Ú8-1,ç—tŒ§,sìs,”ª”¦1’š–Ú,8-1,,35.71942036,139.9347577,,,3ŠK·–±º,(047)333-2111,,,,,,,,,,,,,http://www.city.ichikawa.lg.jp/pub01/1211000002.html,,,,,,
122033,,,sìs“ŒÁ–h,²Á¶Ü¼Ë¶Ş¼¼®³ÎŞ³¼®,,,,ç—tŒ§sìs”ª”¦1’š–Ú8-1,ç—tŒ§,sìs,”ª”¦1’š–Ú,8-1,,35.71949296,139.9346375,,,1ŠKó•t,(047)334-0119,,,,,,,,,,,,,http://www.city.ichikawa.lg.jp/pub01/1211000002.html,,,,,,
122033,,,‚¢‚«‚¢‚«¾İÀ-‹S‰z,²·²·¾İÀ-µÆºŞ´,,,,ç—tŒ§sìs‹S‰z1’š–Ú25-3,ç—tŒ§,sìs,‹S‰z1’š–Ú,25-3,,35.72028446,139.938658,,,1ŠK˜L‰º,(047)335-5779,,,,,,,,,,,,,http://www.city.ichikawa.lg.jp/pub01/1211000002.html,,,,,,
122033,,,‚¢‚¿‚©‚íî•ñÌß×»Ş,²Á¶Ü¼Ş®³Î³Ìß×»Ş,,,,ç—tŒ§sìs“ì”ª”¦4’š–Ú2-5-201,ç—tŒ§,sìs,“ì”ª”¦4’š–Ú,2-5-201,,35.7205862,139.9265163,,,2ŠK‘–±‰Û“Œv”Ç“üŒû,(047)318-9188,,,,,,,,,,,,,http://www.city.ichikawa.lg.jp/pub01/1211000002.html,,,,,,
122033,,,‘åF—c’t‰€,µµ½Ö³Á´İ,,,,ç—tŒ§sìs‘åF4’š–Ú3-12,ç—tŒ§,sìs,‘åF4’š–Ú,3-12,,35.72102304,139.9096416,,,EˆõŒºŠÖ,(047)370-3648,,,,,,,,,,,,,http://www.city.ichikawa.lg.jp/pub01/1211000002.html,,,,,,
122033,,,‘åF’†ŠwZ,µµ½Á­³¶Ş¯º³,,,,ç—tŒ§sìs‘åF4’š–Ú21-5,ç—tŒ§,sìs,‘åF4’š–Ú,21-5,,35.72134386,139.9077712,,,––±º‘O,(047)378-5783,,,,,,,,,,,,,http://www.city.ichikawa.lg.jp/pub01/1211000002.html,,,,,,
122033,,,’†R¬ŠwZ,Å¶ÔÏ¼®³¶Ş¯º³,,,,ç—tŒ§sìs’†R1’š–Ú1-5,ç—tŒ§,sìs,’†R1’š–Ú,1-5,,35.72151493,139.9438959,,,––±º‘O˜L‰º,(047)335-2711,,,,,,,,,,,,,http://www.city.ichikawa.lg.jp/pub01/1211000002.html,,,,,,
122033,,,s–ğŠ‘æ“ñ’¡É,¼Ô¸¼®ÀŞ²ÆÁ®³¼¬,,,,ç—tŒ§sìs“ì”ª”¦2’š–Ú20-2,ç—tŒ§,sìs,“ì”ª”¦2’š–Ú,20-2,,35.7136079,139.9280099,,,‘‡ó•t‰¡,(047)712-8647,,,,,,,,,,,,,http://www.city.ichikawa.lg.jp/pub01/1211000002.html,,,,,,
122033,,,‘æl’†ŠwZ,ÀŞ²ÖİÁ­³¶Ş¯º³,,,,ç—tŒ§sìs’†R1’š–Ú11-1,ç—tŒ§,sìs,’†R1’š–Ú,11-1,,35.72202753,139.9458313,,,1ŠKî•ñº-Å-,(047)335-3431,,,,,,,,,,,,,http://www.city.ichikawa.lg.jp/pub01/1211000002.html,,,,,,
122033,,,–{”ª”¦’nˆæ‚Ó‚ê‚ ‚¢ŠÙ,ÓÄÔÜÀÁ²·ÌÚ±²¶İ,,,,ç—tŒ§sìs”ª”¦3’š–Ú7-9,ç—tŒ§,sìs,”ª”¦3’š–Ú,7-9,,35.72208414,139.9245948,,,ŒºŠÖ³–Ê,(047)326-2452,,,,,,,,,,,,,http://www.city.ichikawa.lg.jp/pub01/1211000002.html,,,,,,
122033,,,–k•û•Ûˆç‰€,·À¶ÀÎ²¸´İ,,,,ç—tŒ§sìs–k•û1’š–Ú12-1,ç—tŒ§,sìs,–k•û1’š–Ú,12-1,,35.72205182,139.9381732,,,˜L‰º,(047)334-6616,,,,,,,,,,,,,http://www.city.ichikawa.lg.jp/pub01/1211000002.html,,,,,,
122033,,,sìs•ª’¡ÉC“i’nˆæ‹¤¶‰Ûj,²Á¶Ü¼ÌŞİÁ®³¼¬¼°Ä³,,,,ç—tŒ§sìs“Œ‘å˜a“c1’š–Ú2-10,ç—tŒ§,sìs,“Œ‘å˜a“c1’š–Ú,2-10,,35.71407165,139.9268921,,,‚QŠK’Ê˜H¶è––±º,(047)383-9568,,,,,,,,,,,,,http://www.city.ichikawa.lg.jp/pub01/1211000002.html,,,,,,
122033,,,á‹{Œö–¯ŠÙ,Ü¶ĞÔº³Ğİ¶İ,,,,ç—tŒ§sìsá‹{2’š–Ú15-8,ç—tŒ§,sìs,á‹{2’š–Ú,15-8,,35.72246126,139.9557345,,,ŒºŠÖƒƒr[,(047)336-7958,,,,,,,,,,,,,http://www.city.ichikawa.lg.jp/pub01/1211000002.html,,,,,,
122033,,,‚±‚Ç‚à”­’B¾İÀ-,ºÄŞÓÊ¯ÀÂ¾İÀ-,,,,ç—tŒ§sìs‘åF4’š–Ú18-3,ç—tŒ§,sìs,‘åF4’š–Ú,18-3,,35.72273089,139.9064844,,,ŒºŠÖiŒö–¯ŠÙ––±º“üŒûj,(047)370-3561,,,,,,,,,,,,,http://www.city.ichikawa.lg.jp/pub01/1211000002.html,,,,,,
122033,,,“ŒRŠ@ˆÎ‹L”OŠÙ,Ë¶Ş¼ÔÏ¶²²·Èİ¶İ,,,,ç—tŒ§sìs’†R1’š–Ú16-2,ç—tŒ§,sìs,’†R1’š–Ú,16-2,,35.7228525,139.9464463,,,ŠK’i—x‚èê,(047)333-2011,,,,,,,,,,,,,http://www.city.ichikawa.lg.jp/pub01/1211000002.html,,,,,,
122033,,,V“c•Ûˆç‰€,¼İÃŞİÎ²¸´İ,,,,ç—tŒ§sìsV“c3’š–Ú21-1,ç—tŒ§,sìs,V“c3’š–Ú,21-1,,35.72355146,139.9118523,,,ŒºŠÖ,(047)370-4557,,,,,,,,,,,,,http://www.city.ichikawa.lg.jp/pub01/1211000002.html,,,,,,
122033,,,”ª”¦s–¯‰ïŠÙ(‘S“úŒxÎ°Ù),ÔÜÀ¼Ğİ¶²¶İ(¾ŞİÆ¯¹²Î°Ù),,,,ç—tŒ§sìs”ª”¦4’š–Ú2-1,ç—tŒ§,sìs,”ª”¦4’š–Ú,2-1,,35.72410552,139.9307588,,,1ŠK³–ÊŒºŠÖ˜eAƒGƒŒƒx[ƒ^[‘O,(047)300-8020,,,,,,,,,,,,,http://www.city.ichikawa.lg.jp/pub01/1211000002.html,,,,,,
122033,,,‘åF¬ŠwZ,µµ½¼®³¶Ş¯º³,,,,ç—tŒ§sìs‘åF4’š–Ú18-1,ç—tŒ§,sìs,‘åF4’š–Ú,18-1,,35.72346079,139.9068888,,,•ÛŒ’º‘O,(047)370-0300,,,,,,,,,,,,,http://www.city.ichikawa.lg.jp/pub01/1211000002.html,,,,,,
122033,,,•½“c¬ŠwZ,Ë×À¼®³¶Ş¯º³,,,,ç—tŒ§sìs•½“c3’š–Ú28-1,ç—tŒ§,sìs,•½“c3’š–Ú,28-1,,35.72422237,139.9181703,,,•ÛŒ’º˜e,(047)379-6761,,,,,,,,,,,,,http://www.city.ichikawa.lg.jp/pub01/1211000002.html,,,,,,
122033,,,á‹{•Ûˆç‰€,Ü¶ĞÔÎ²¸´İ,,,,ç—tŒ§sìsá‹{3’š–Ú7-6,ç—tŒ§,sìs,á‹{3’š–Ú,7-6,,35.7242771,139.951727,,,ŒºŠÖ,(047)334-2115,,,,,,,,,,,,,http://www.city.ichikawa.lg.jp/pub01/1211000002.html,,,,,,
122033,,,sìs“ŒÁ–h’†Ro’£Š,²Á¶Ü¼Ë¶Ş¼¼®³ÎŞ³¼®Å¶ÔÏ¼­¯Á®³¼Ş®,,,,ç—tŒ§sìs–k•û3’š–Ú10-11,ç—tŒ§,sìs,–k•û3’š–Ú,10-11,,35.72442533,139.9476466,,,1ŠKó•t,(047)332-0119,,,,,,,,,,,,,http://www.city.ichikawa.lg.jp/pub01/1211000002.html,,,,,,
122033,,,•½“c}‘º,Ë×ÀÄ¼®¼Â,,,,ç—tŒ§sìs•½“c1’š–Ú20-16,ç—tŒ§,sìs,•½“c1’š–Ú,20-16,,35.72466999,139.9196381,,,‘İoƒJƒEƒ“ƒ^[“à,(047)321-2243,,,,,,,,,,,,,http://www.city.ichikawa.lg.jp/pub01/1211000002.html,,,,,,
122033,,,•½“c•Ûˆç‰€,Ë×ÀÎ²¸´İ,,,,ç—tŒ§sìs•½“c1’š–Ú20-16,ç—tŒ§,sìs,•½“c1’š–Ú,20-16,,35.72475118,139.919499,,,ŒºŠÖ,(047)324-1311,,,,,,,,,,,,,http://www.city.ichikawa.lg.jp/pub01/1211000002.html,,,,,,
122033,,,•½“c’nˆæ‚Ó‚ê‚ ‚¢ŠÙ,Ë×ÀÁ²·ÌÚ±²¶İ,,,,ç—tŒ§sìs•½“c2’š–Ú16-7,ç—tŒ§,sìs,•½“c2’š–Ú,16-7,,35.72481459,139.918123,,,ŒºŠÖ³–Ê,(047)322-4467,,,,,,,,,,,,,http://www.city.ichikawa.lg.jp/pub01/1211000002.html,,,,,,
122033,,,V“c‘æ2•Ûˆç‰€,¼İÃŞİÀŞ²ÆÎ²¸´İ,,,,ç—tŒ§sìsV“c2’š–Ú1-24,ç—tŒ§,sìs,V“c2’š–Ú,1-24,,35.72529652,139.9163785,,,ŒºŠÖ,(047)376-9036,,,,,,,,,,,,,http://www.city.ichikawa.lg.jp/pub01/1211000002.html,,,,,,
122033,,,‚¢‚«‚¢‚«¾İÀ-–k•û,²·²·¾İÀ-·À¶À,,,,ç—tŒ§sìs–k•û2’š–Ú29-19,ç—tŒ§,sìs,–k•û2’š–Ú,29-19,,35.72540444,139.9410554,,,1ŠKó•t³–Ê,(047)332-3846,,,,,,,,,,,,,http://www.city.ichikawa.lg.jp/pub01/1211000002.html,,,,,,
122033,,,”ª”¦¬ŠwZ,ÔÜÀ¼®³¶Ş¯º³,,,,ç—tŒ§sìs”ª”¦3’š–Ú24-1,ç—tŒ§,sìs,”ª”¦3’š–Ú,24-1,,35.72568684,139.9280701,,,Z’·º‘O,(047)325-4763,,,,,,,,,,,,,http://www.city.ichikawa.lg.jp/pub01/1211000002.html,,,,,,
122033,,,á‹{¬ŠwZ,Ü¶ĞÔ¼®³¶Ş¯º³,,,,ç—tŒ§sìsá‹{3’š–Ú54-10,ç—tŒ§,sìs,á‹{3’š–Ú,54-10,,35.7267139,139.9523055,,,Eˆõº‘O,(047)339-2177,,,,,,,,,,,,,http://www.city.ichikawa.lg.jp/pub01/1211000002.html,,,,,,
122033,,,‹{“c¬ŠwZ,ĞÔÀ¼®³¶Ş¯º³,,,,ç—tŒ§sìsV“c4’š–Ú8-15,ç—tŒ§,sìs,V“c4’š–Ú,8-15,,35.72689568,139.9093288,,,•ÛŒ’º‘O,(047)379-7647,,,,,,,,,,,,,http://www.city.ichikawa.lg.jp/pub01/1211000002.html,,,,,,
122033,,,•y‹M“‡¬ŠwZ,Ì·¼Ï¼®³¶Ş¯º³,,,,ç—tŒ§sìs”ª”¦6’š–Ú10-11,ç—tŒ§,sìs,”ª”¦6’š–Ú,10-11,,35.72698583,139.9377577,,,Eˆõº‘O,(047)334-2624,,,,,,,,,,,,,http://www.city.ichikawa.lg.jp/pub01/1211000002.html,,,,,,
122033,,,‹{“c’nˆæ‚Ó‚ê‚ ‚¢ŠÙ,ĞÔÀÁ²·ÌÚ±²¶İ,,,,ç—tŒ§sìsV“c5’š–Ú16-6,ç—tŒ§,sìs,V“c5’š–Ú,16-6,,35.72760198,139.9111636,,,ŒºŠÖ³–Ê,(047)324-4525,,,,,,,,,,,,,http://www.city.ichikawa.lg.jp/pub01/1211000002.html,,,,,,
122033,,,sì‰ws­»-ËŞ½¾İÀ-,²Á¶Ü´··Ş®³¾²»-ËŞ½¾İÀ-,,,,ç—tŒ§sìssì“ì1’š–Ú1-1 ,ç—tŒ§,sìs,sì“ì1’š–Ú,1-1 ,I-LINKÀ³İ‚¢‚¿‚©‚í»Ş¥ÀÜ-½Ş²-½Ä3ŠK,35.72853397,139.9080647,,,‘Ò‡ƒƒr[,(047)704-3115,,,,,,,,,,,,,http://www.city.ichikawa.lg.jp/pub01/1211000002.html,,,,,,
122033,,,•x‹M“‡•Ûˆç‰€,Ì·¼ÏÎ²¸´İ,,,,ç—tŒ§sìs”ª”¦6’š–Ú14-19,ç—tŒ§,sìs,”ª”¦6’š–Ú,14-19,,35.72849004,139.9355638,,,ŒºŠÖ,(047)336-1144,,,,,,,,,,,,,http://www.city.ichikawa.lg.jp/pub01/1211000002.html,,,,,,
122033,,,“Œ•”Œö–¯ŠÙ,Ä³ÌŞº³Ğİ¶İ,,,,ç—tŒ§sìs–{–k•û3’š–Ú19-16,ç—tŒ§,sìs,–{–k•û3’š–Ú,19-16,,35.72880397,139.9508134,,,ŒºŠÖó•t‰¡,(047)337-8886,,,,,,,,,,,,,http://www.city.ichikawa.lg.jp/pub01/1211000002.html,,,,,,
122033,,,sì‰w“ìŒû}‘ŠÙ,²Á¶Ü´·ĞÅĞ¸ŞÁÄ¼®¶İ,,,,ç—tŒ§sìssì“ì1’š–Ú10-1,ç—tŒ§,sìs,sì“ì1’š–Ú,10-1,I-LINKÀ³İ‚¢‚¿‚©‚í»ŞEÀÜ-½Ş³´½Ä3ŠK,35.7291751,139.9062854,,,}‘ŠÙ“üŒû‰E‘¤,(047)325-6241,,,,,,,,,,,,,http://www.city.ichikawa.lg.jp/pub01/1211000002.html,,,,,,
122033,,,sìs±²EØİ¸À³İ“W–]{İ,²Á¶Ü¼±²EØİ¸ÀÜ-ÃİÎŞ³¼¾Â,,,,ç—tŒ§sìssì“ì1’š–Ú10-1,ç—tŒ§,sìs,sì“ì1’š–Ú,10-1,I-LINKÀ³İ‚¢‚¿‚©‚í»Ş¥ÀÜ-½Ş³´½Ä45ŠK,35.72913959,139.9058612,,,Œğ—¬ƒ‰ƒEƒ“ƒW,(047)322-9300,,,,,,,,,,,,,http://www.city.ichikawa.lg.jp/pub01/1211000002.html,,,,,,
122033,,,’j—‹¤“¯Q‰æ¾İÀ- ³ƒB½Ş,ÀŞİ¼Ş®·®³ÄŞ³»İ¶¸¾İÀ-³¨½Ş,,,,ç—tŒ§sìssì1’š–Ú24-2,ç—tŒ§,sìs,sì1’š–Ú,24-2,,35.73002786,139.9104011,,,4ŠK‘‹Œû‘O,(047)322-6700,,,,,,,,,,,,,http://www.city.ichikawa.lg.jp/pub01/1211000002.html,,,,,,
122033,,,sìs¼Á–h,²Á¶Ü¼Æ¼Ş¼¼®³ÎŞ³¼®,,,,ç—tŒ§sìssì1’š–Ú24-2,ç—tŒ§,sìs,sì1’š–Ú,24-2,,35.73018022,139.9104639,,,1ŠKó•t,(047)323-0119,,,,,,,,,,,,,http://www.city.ichikawa.lg.jp/pub01/1211000002.html,,,,,,
122033,,,–{–k•û•Ûˆç‰€,ÓÄ·À¶ÀÎ²¸´İ,,,,ç—tŒ§sìs–{–k•û2’š–Ú40-23,ç—tŒ§,sìs,–{–k•û2’š–Ú,40-23,,35.73020193,139.9501907,,,ŒºŠÖ,(047)338-5982,,,,,,,,,,,,,http://www.city.ichikawa.lg.jp/pub01/1211000002.html,,,,,,
122033,,,sì’nˆæ‚Ó‚ê‚ ‚¢ŠÙ,²Á¶ÜÁ²·ÌÚ±²¶İ,,,,ç—tŒ§sìssì2’š–Ú7-7,ç—tŒ§,sìs,sì2’š–Ú,7-7,,35.7309667,139.9035244,,,ŒºŠÖ³–Ê,(047)322-7710,,,,,,,,,,,,,http://www.city.ichikawa.lg.jp/pub01/1211000002.html,,,,,,
122033,,,sìŒö–¯ŠÙ,²Á¶Üº³Ğİ¶İ,,,,ç—tŒ§sìssì2’š–Ú33-2,ç—tŒ§,sìs,sì2’š–Ú,33-2,,35.73106183,139.9065932,,,ŒºŠÖƒz[ƒ‹˜e––±º,(047)321-1171,,,,,,,,,,,,,http://www.city.ichikawa.lg.jp/pub01/1211000002.html,,,,,,
122033,,,‚¢‚«‚¢‚«¾İÀ-sì,²·²·¾İÀ-²Á¶Ü,,,,ç—tŒ§sìssì2’š–Ú33-6,ç—tŒ§,sìs,sì2’š–Ú,33-6,,35.73149492,139.9060328,,,3ŠK˜L‰º,(047)322-2277,,,,,,,,,,,,,http://www.city.ichikawa.lg.jp/pub01/1211000002.html,,,,,,
122033,,,sì¬ŠwZ,²Á¶Ü¼®³¶Ş¯º³,,,,ç—tŒ§sìssì2’š–Ú32-5,ç—tŒ§,sìs,sì2’š–Ú,32-5,,35.73215889,139.9052769,,,Z’·º‘O,(047)325-4758,,,,,,,,,,,,,http://www.city.ichikawa.lg.jp/pub01/1211000002.html,,,,,,
122033,,,–k•û¬ŠwZ,·À¶À¼®³¶Ş¯º³,,,,ç—tŒ§sìs–k•û’¬4’š–Ú1356-1,ç—tŒ§,sìs,–k•û’¬4’š–Ú,1356-1,,35.73245879,139.9453395,,,EˆõŒºŠÖ‰¡,(047)339-1701,,,,,,,,,,,,,http://www.city.ichikawa.lg.jp/pub01/1211000002.html,,,,,,
122033,,,›–ìŒö–¯ŠÙ,½¶ŞÉº³Ğİ¶İ,,,,ç—tŒ§sìs›–ì3’š–Ú24-2,ç—tŒ§,sìs,›–ì3’š–Ú,24-2,,35.73263233,139.9168627,,,––±º‰¡,(047)322-7761,,,,,,,,,,,,,http://www.city.ichikawa.lg.jp/pub01/1211000002.html,,,,,,
122033,,,›–ì•Ûˆç‰€,½¶ŞÉÎ²¸´İ,,,,ç—tŒ§sìs›–ì4’š–Ú12-16,ç—tŒ§,sìs,›–ì4’š–Ú,12-16,,35.73290944,139.9272147,,,––±º,(047)326-4452,,,,,,,,,,,,,http://www.city.ichikawa.lg.jp/pub01/1211000002.html,,,,,,
122033,,,›–ì¬ŠwZ,½¶ŞÉ¼®³¶Ş¯º³,,,,ç—tŒ§sìs›–ì6’š–Ú14-1,ç—tŒ§,sìs,›–ì6’š–Ú,14-1,,35.73428494,139.9166006,,,Z’·º‘O,(047)324-5955,,,,,,,,,,,,,http://www.city.ichikawa.lg.jp/pub01/1211000002.html,,,,,,
122033,,,‘å”ì‘æˆê’²ß’r—Î’n,µµ¶Ş¼Ü¶ŞÜÀŞ²²ÁÁ®³¾ÂÁØ®¸Á,,,,ç—tŒ§sìs–k•û’¬4’š–Ú1444-59,ç—tŒ§,sìs,–k•û’¬4’š–Ú,1444-59,,35.73600801,139.9512743,,,––±º‘O,(047)337-7111,,,,,,,,,,,,,http://www.city.ichikawa.lg.jp/pub01/1211000002.html,,,,,,
122033,,,sìss–¯Ìß-Ù,²Á¶Ü¼¼ĞİÌß-Ù,,,,ç—tŒ§sìs–k•û’¬4’š–Ú2270-3,ç—tŒ§,sìs,–k•û’¬4’š–Ú,2270-3,,35.73503797,139.9534251,,,ˆã–±º,(047)338-7346,,,,,,,,,,,,,http://www.city.ichikawa.lg.jp/pub01/1211000002.html,,,,,,
122033,,,›–ìI––ˆ—ê,½¶ŞÉ¼­³ÏÂ¼®Ø¼Ş®³,,,,ç—tŒ§sìs“Œ›–ì2’š–Ú23-1,ç—tŒ§,sìs,“Œ›–ì2’š–Ú,23-1,,35.73558081,139.9278407,,,2ŠK“üŒû,(047)325-0144,,,,,,,,,,,,,http://www.city.ichikawa.lg.jp/pub01/1211000002.html,,,,,,
122033,,,‹{‹v•Û¬ŠwZ,ĞÔ¸ÎŞ¼®³¶Ş¯º³,,,,ç—tŒ§sìs‹{‹v•Û5’š–Ú7-1,ç—tŒ§,sìs,‹{‹v•Û5’š–Ú,7-1,,35.73668167,139.9440741,,,Eˆõº‘O,(047)371-2747,,,,,,,,,,,,,http://www.city.ichikawa.lg.jp/pub01/1211000002.html,,,,,,
122033,,,‚¢‚«‚¢‚«¾İÀ-‹{‹v•Û,²·²·¾İÀ-ĞÔ¸ÎŞ,,,,ç—tŒ§sìs‹{‹v•Û4’š–Ú2-4,ç—tŒ§,sìs,‹{‹v•Û4’š–Ú,2-4,,35.73696561,139.9361213,,,1ŠKŒºŠÖ³–Ê,(047)372-5755,,,,,,,,,,,,,http://www.city.ichikawa.lg.jp/pub01/1211000002.html,,,,,,
122033,,,^ŠÔ¬ŠwZ,ÏÏ¼®³¶Ş¯º³,,,,ç—tŒ§sìs^ŠÔ4’š–Ú1-1,ç—tŒ§,sìs,^ŠÔ4’š–Ú,1-1,,35.73775801,139.9102676,,,‘æ4¸~Œû,(047)372-4726,,,,,,,,,,,,,http://www.city.ichikawa.lg.jp/pub01/1211000002.html,,,,,,
122033,,,{˜a“c‚Ì‹u“Á•Êx‰‡ŠwZ,½ÜÀŞÉµ¶Ä¸ÍŞÂ¼´İ¶Ş¯º³,,,,ç—tŒ§sìs{˜a“c2’š–Ú34-1,ç—tŒ§,sìs,{˜a“c2’š–Ú,34-1,,35.73816268,139.9134253,,,1ŠK•ÛŒ’º‰¡,(047)371-2258,,,,,,,,,,,,,http://www.city.ichikawa.lg.jp/pub01/1211000002.html,,,,,,
122033,,,‘æ“ñ’†ŠwZ,ÀŞ²ÆÁ­³¶Ş¯º³,,,,ç—tŒ§sìs{˜a“c2’š–Ú34-1,ç—tŒ§,sìs,{˜a“c2’š–Ú,34-1,,35.73922357,139.9141234,,,ŒºŠÖ“à,(047)371-6188,,,,,,,,,,,,,http://www.city.ichikawa.lg.jp/pub01/1211000002.html,,,,,,
122033,,,”ˆä¬ŠwZ,¶¼Ü²¼®³¶Ş¯º³,,,,ç—tŒ§sìs”ˆä’¬1’š–Ú1149-1,ç—tŒ§,sìs,”ˆä’¬1’š–Ú,1149-1,,35.73942802,139.9663513,,,Eˆõº‘O,(047)337-8877,,,,,,,,,,,,,http://www.city.ichikawa.lg.jp/pub01/1211000002.html,,,,,,
122033,,,‰ºŠL’Ë’†ŠwZ,¼Ó¶²ÂŞ¶Á­³¶Ş¯º³,,,,ç—tŒ§sìs‰ºŠL’Ë3’š–Ú13-1,ç—tŒ§,sìs,‰ºŠL’Ë3’š–Ú,13-1,,35.73966566,139.945743,,,Eˆõº‘O,(047)371-8800,,,,,,,,,,,,,http://www.city.ichikawa.lg.jp/pub01/1211000002.html,,,,,,
122033,,,–Ø“à·Şƒƒ×Ø-,·³Á·Ş¬×Ø-,,,,ç—tŒ§sìs^ŠÔ4’š–Ú11-4,ç—tŒ§,sìs,^ŠÔ4’š–Ú,11-4,,35.73997441,139.9054813,,,––±º‘O,(047)371-4916,,,,,,,,,,,,,http://www.city.ichikawa.lg.jp/pub01/1211000002.html,,,,,,
122033,,,–FàV¶Ş-ÃŞİ·Şƒƒ×Ø-,Ö¼»ŞÜ¶Ş-ÃŞİ·Ş¬×Ø-,,,,ç—tŒ§sìs^ŠÔ5’š–Ú1-18,ç—tŒ§,sìs,^ŠÔ5’š–Ú,1-18,,35.73981305,139.9114255,,,––±Š‘O,(047)374-7687,,,,,,,,,,,,,http://www.city.ichikawa.lg.jp/pub01/1211000002.html,,,,,,
122033,,,•S‡‘ä¬ŠwZ,ÕØÀŞ²¼®³¶Ş¯º³,,,,ç—tŒ§sìs‘]’J6’š–Ú10-1,ç—tŒ§,sìs,‘]’J6’š–Ú,10-1,,35.74035838,139.9252955,,,Eˆõº‘O,(047)374-1811,,,,,,,,,,,,,http://www.city.ichikawa.lg.jp/pub01/1211000002.html,,,,,,
122033,,,‘æO’†ŠwZ,ÀŞ²»İÁ­³¶Ş¯º³,,,,ç—tŒ§sìs‘]’J3’š–Ú2-1,ç—tŒ§,sìs,‘]’J3’š–Ú,2-1,,35.74037382,139.9327453,,,ŒºŠÖ,(047)371-7341,,,,,,,,,,,,,http://www.city.ichikawa.lg.jp/pub01/1211000002.html,,,,,,
122033,,,•S‡‘ä—c’t‰€,ÕØÀŞ²Ö³Á´İ,,,,ç—tŒ§sìs‘]’J6’š–Ú10-1,ç—tŒ§,sìs,‘]’J6’š–Ú,10-1,,35.74035838,139.9252955,,,EˆõŒºŠÖ,(047)373-8937,,,,,,,,,,,,,http://www.city.ichikawa.lg.jp/pub01/1211000002.html,,,,,,
122033,,,Šs–—á‹L”OŠÙ,¶¸ÏÂ¼Ş¬¸·Èİ¶İ,,,,ç—tŒ§sìs^ŠÔ5’š–Ú3-19,ç—tŒ§,sìs,^ŠÔ5’š–Ú,3-19,,35.74108743,139.9126613,,,––±º“à,(047)372-5400,,,,,,,,,,,,,http://www.city.ichikawa.lg.jp/pub01/1211000002.html,,,,,,
122033,,,‘å–ì¬ŠwZ,µµÉ¼®³¶Ş¯º³,,,,ç—tŒ§sìs“ì‘å–ì1’š–Ú42-1,ç—tŒ§,sìs,“ì‘å–ì1’š–Ú,42-1,,35.74233965,139.9505695,,,EˆõŒºŠÖ,(047)338-3000,,,,,,,,,,,,,http://www.city.ichikawa.lg.jp/pub01/1211000002.html,,,,,,
122033,,,‘•{‘äs–¯‘ÌˆçŠÙ,º³ÉÀŞ²¼ĞİÀ²¸¶İ,,,,ç—tŒ§sìs‘•{‘ä1’š–Ú6-4,ç—tŒ§,sìs,‘•{‘ä1’š–Ú,6-4,,35.74310837,139.9074541,,,1ŠKÛËŞ-,(047)373-3112,,,,,,,,,,,,,http://www.city.ichikawa.lg.jp/pub01/1211000002.html,,,,,,
122033,,,‘å–ì•Ûˆç‰€,µµÉÎ²¸´İ,,,,ç—tŒ§sìs“ì‘å–ì2’š–Ú4-5,ç—tŒ§,sìs,“ì‘å–ì2’š–Ú,4-5,,35.74289594,139.9530272,,,ŒºŠÖƒz[ƒ‹,(047)337-4551,,,,,,,,,,,,,http://www.city.ichikawa.lg.jp/pub01/1211000002.html,,,,,,
122033,,,‘]’JŒö–¯ŠÙ,¿Ôº³Ğİ¶İ,,,,ç—tŒ§sìs‘]’J6’š–Ú25-5,ç—tŒ§,sìs,‘]’J6’š–Ú,25-5,,35.74364645,139.9273814,,,ŒºŠÖƒƒr[,(047)372-2871,,,,,,,,,,,,,http://www.city.ichikawa.lg.jp/pub01/1211000002.html,,,,,,
122033,,,•ò–Æ’nˆæ‚Ó‚ê‚ ‚¢ŠÙ,Î³ÒÁ²·ÌÚ±²¶İ,,,,ç—tŒ§sìs”ˆä’¬2’š–Ú49-6,ç—tŒ§,sìs,”ˆä’¬2’š–Ú,49-6,,35.74420344,139.9587862,,,ŒºŠÖ³–Ê,(047)338-5407,,,,,,,,,,,,,http://www.city.ichikawa.lg.jp/pub01/1211000002.html,,,,,,
122033,,,sìs¼Á–h‘•{‘äo’£Š,²Á¶Ü¼Æ¼Ş¼¼®³ÎŞ³¼®º³ÉÀŞ²¼­¯Á®³¼Ş®,,,,ç—tŒ§sìs‘•{‘ä1’š–Ú6-8,ç—tŒ§,sìs,‘•{‘ä1’š–Ú,6-8,,35.74438916,139.9054886,,,1ŠKó•t,(047)372-0119,,,,,,,,,,,,,http://www.city.ichikawa.lg.jp/pub01/1211000002.html,,,,,,
122033,,,‘æˆê’†ŠwZ,ÀŞ²²ÁÁ­³¶Ş¯º³,,,,ç—tŒ§sìs‘•{‘ä2’š–Ú7-1,ç—tŒ§,sìs,‘•{‘ä2’š–Ú,7-1,,35.74479382,139.9019905,,,Eˆõº‘O,(047)371-6045,,,,,,,,,,,,,http://www.city.ichikawa.lg.jp/pub01/1211000002.html,,,,,,
122033,,,‘•ª¬ŠwZ,º¸ÌŞİ¼®³¶Ş¯º³,,,,ç—tŒ§sìs“Œ‘•ª2’š–Ú4-1,ç—tŒ§,sìs,“Œ‘•ª2’š–Ú,4-1,,35.74488457,139.9208839,,,EˆõŒºŠÖ,(047)371-6793,,,,,,,,,,,,,http://www.city.ichikawa.lg.jp/pub01/1211000002.html,,,,,,
122033,,,sìs–kÁ–h‘]’Jo’£Š,²Á¶Ü¼·À¼®³ÎŞ³¼®¿Ô¼­¯Á®³¼Ş®,,,,ç—tŒ§sìs‘]’J2’š–Ú7-2,ç—tŒ§,sìs,‘]’J2’š–Ú,7-2,,35.74517193,139.9357402,,,1ŠKó•t,(047)374-0119,,,,,,,,,,,,,http://www.city.ichikawa.lg.jp/pub01/1211000002.html,,,,,,
122033,,,‘å”o’£Ši‘å–ìŒö–¯ŠÙj,µµ¶Ş¼Ü¼­¯Á®³¼®,,,,ç—tŒ§sìs“ì‘å–ì2’š–Ú3-19,ç—tŒ§,sìs,“ì‘å–ì2’š–Ú,3-19,,35.74519914,139.9531863,,,2ŠKŒö–¯ŠÙ––±º‘O,(047)339-1111,,,,,,,,,,,,,http://www.city.ichikawa.lg.jp/pub01/1211000002.html,,,,,,
122033,,,‚¢‚¿‚©‚ís–¯·ƒƒİÌßê,²Á¶Ü¼Ğİ·¬İÌß¼Ş®³,,,,ç—tŒ§sìs”ˆä’¬2’š–Ú992-1,ç—tŒ§,sìs,”ˆä’¬2’š–Ú,992-1,,35.74437545,139.9737677,,,ŠÇ—““à,(047)337-9802,,,,,,,,,,,,,http://www.city.ichikawa.lg.jp/pub01/1211000002.html,,,,,,
122033,,,”ˆäŒö–¯ŠÙ,¶¼Ü²º³Ğİ¶İ,,,,ç—tŒ§sìs”ˆä’¬2’š–Ú844,ç—tŒ§,sìs,”ˆä’¬2’š–Ú,844,,35.74600643,139.965418,,,––±º“üŒû‰¡,(047)338-2988,,,,,,,,,,,,,http://www.city.ichikawa.lg.jp/pub01/1211000002.html,,,,,,
122033,,,—¢Œ©Œö‰€,»ÄĞº³´İ,,,,ç—tŒ§sìs‘•{‘ä3’š–Ú9,ç—tŒ§,sìs,‘•{‘ä3’š–Ú,9,,35.74665104,139.8999283,,,––±Š“à,(047)372-0062,,,,,,,,,,,,,http://www.city.ichikawa.lg.jp/pub01/1211000002.html,,,,,,
122033,,,‘]’J¬ŠwZ,¿Ô¼®³¶Ş¯º³,,,,ç—tŒ§sìs‘]’J7’š–Ú18-1,ç—tŒ§,sìs,‘]’J7’š–Ú,18-1,,35.74690477,139.9268295,,,Eˆõº‘O,(047)371-7888,,,,,,,,,,,,,http://www.city.ichikawa.lg.jp/pub01/1211000002.html,,,,,,
122033,,,‘]’J•Ûˆç‰€,¿ÔÎ²¸´İ,,,,ç—tŒ§sìs‘]’J7’š–Ú28-15,ç—tŒ§,sìs,‘]’J7’š–Ú,28-15,,35.74844845,139.9259445,,,ŒºŠÖ,(047)373-5530,,,,,,,,,,,,,http://www.city.ichikawa.lg.jp/pub01/1211000002.html,,,,,,
122033,,,’†‘•ª•Ûˆç‰€,Å¶º¸ÌŞİÎ²¸´İ,,,,ç—tŒ§sìs’†‘•ª2’š–Ú13-1,ç—tŒ§,sìs,’†‘•ª2’š–Ú,13-1,,35.74885687,139.9123209,,,ŒºŠÖ,(047)372-7947,,,,,,,,,,,,,http://www.city.ichikawa.lg.jp/pub01/1211000002.html,,,,,,
122033,,,“Œ‘•ª’†ŠwZ,Ë¶Ş¼º¸ÌŞİÁ­³¶Ş¯º³,,,,ç—tŒ§sìs“Œ‘•ª3’š–Ú5-1,ç—tŒ§,sìs,“Œ‘•ª3’š–Ú,5-1,,35.74889297,139.9227638,,,EˆõŒºŠÖ,(047)371-5963,,,,,,,,,,,,,http://www.city.ichikawa.lg.jp/pub01/1211000002.html,,,,,,
122033,,,¼•”Œö–¯ŠÙ,¾²ÌŞº³Ğİ¶İ,,,,ç—tŒ§sìs’†‘•ª2’š–Ú13-8,ç—tŒ§,sìs,’†‘•ª2’š–Ú,13-8,,35.74934744,139.9133309,,,³–ÊŒºŠÖ,(047)373-8175,,,,,,,,,,,,,http://www.city.ichikawa.lg.jp/pub01/1211000002.html,,,,,,
122033,,,–¾¼‰€,Ò²¼®³´İ,,,,ç—tŒ§sìs’†‘•ª2’š–Ú17-21,ç—tŒ§,sìs,’†‘•ª2’š–Ú,17-21,,35.75015031,139.9131221,,,––±º¶³İÀ-,(047)372-9017,,,,,,,,,,,,,http://www.city.ichikawa.lg.jp/pub01/1211000002.html,,,,,,
122033,,,‘å”¬ŠwZ,µµ¶Ş¼Ü¼®³¶Ş¯º³,,,,ç—tŒ§sìs‘å–ì’¬2’š–Ú1877,ç—tŒ§,sìs,‘å–ì’¬2’š–Ú,1877,,35.75035095,139.9538418,,,Eˆõº‘O,(047)337-8141,,,,,,,,,,,,,http://www.city.ichikawa.lg.jp/pub01/1211000002.html,,,,,,
122033,,,sìs–kÁ–h,²Á¶Ü¼·À¼®³ÎŞ³¼®,,,,ç—tŒ§sìs‘å–ì’¬4’š–Ú2163-1,ç—tŒ§,sìs,‘å–ì’¬4’š–Ú,2163-1,,35.75117195,139.9602701,,,1ŠKó•t,(047)338-0119,,,,,,,,,,,,,http://www.city.ichikawa.lg.jp/pub01/1211000002.html,,,,,,
122033,,,–œ—tA•¨‰€,ÏİÖ³¼®¸ÌŞÂ´İ,,,,ç—tŒ§sìs‘å–ì’¬2’š–Ú1857,ç—tŒ§,sìs,‘å–ì’¬2’š–Ú,1857,,35.75319961,139.9527259,,,––±Š“à,(047)337-9866,,,,,,,,,,,,,http://www.city.ichikawa.lg.jp/pub01/1211000002.html,,,,,,
122033,,,‘æŒÜ’†ŠwZ,ÀŞ²ºŞÁ­³¶Ş¯º³,,,,ç—tŒ§sìs‘å–ì’¬3’š–Ú1993,ç—tŒ§,sìs,‘å–ì’¬3’š–Ú,1993,,35.75298163,139.9568837,,,Eˆõº‘O,(047)337-8344,,,,,,,,,,,,,http://www.city.ichikawa.lg.jp/pub01/1211000002.html,,,,,,
122033,,,‘•{‘ä¬ŠwZ,º³ÉÀŞ²¼®³¶Ş¯º³,,,,ç—tŒ§sìs‘•{‘ä5’š–Ú25-4,ç—tŒ§,sìs,‘•{‘ä5’š–Ú,25-4,,35.7535364,139.9030248,,,Eˆõº‘O,(047)372-4672,,,,,,,,,,,,,http://www.city.ichikawa.lg.jp/pub01/1211000002.html,,,,,,
122033,,,’†‘•ª¬ŠwZ,Å¶º¸ÌŞİ¼®³¶Ş¯º³,,,,ç—tŒ§sìs’†‘•ª1’š–Ú22-1,ç—tŒ§,sìs,’†‘•ª1’š–Ú,22-1,,35.75367233,139.9158675,,,Eˆõº‘O,(047)371-7886,,,,,,,,,,,,,http://www.city.ichikawa.lg.jp/pub01/1211000002.html,,,,,,
122033,,,J:COM–ksì½Îß°ÂÊß°¸,¼Şª²ºÑ·À²Á¶Ü½Îß°ÂÊß°¸,,,,ç—tŒ§sìs”ˆä’¬4’š–Ú277-1,ç—tŒ§,sìs,”ˆä’¬4’š–Ú,277-1,,35.75351937,139.9670079,,,ŠÇ—““à,(047)337-1810,,,,,,,,,,,,,http://www.city.ichikawa.lg.jp/pub01/1211000002.html,,,,,,
122033,,,{˜a“c‚Ì‹u“Á•Êx‰‡ŠwZˆî‰zZÉ,½ÜÀŞÉµ¶Ä¸ÍŞÂ¼´İ¶Ş¯º³²ÅºŞ¼º³¼¬,,,,ç—tŒ§sìsˆî‰z’¬518-2,ç—tŒ§,sìs,ˆî‰z’¬,518-2,,35.75417469,139.9242707,,,•ÛŒ’º‘O,(047)373-9000,,,,,,,,,,,,,http://www.city.ichikawa.lg.jp/pub01/1211000002.html,,,,,,
122033,,,ˆî‰z¬ŠwZ,²ÅºŞ¼¼®³¶Ş¯º³,,,,ç—tŒ§sìsˆî‰z’¬518-2,ç—tŒ§,sìs,ˆî‰z’¬,518-2,,35.75415177,139.9239772,,,2ŠK•ÛŒ’º‘O,(047)373-8401,,,,,,,,,,,,,http://www.city.ichikawa.lg.jp/pub01/1211000002.html,,,,,,
122033,,,—ì‰€,Ú²´İ,,,,ç—tŒ§sìs‘å–ì’¬4’š–Ú2481,ç—tŒ§,sìs,‘å–ì’¬4’š–Ú,2481,,35.75735927,139.9706025,,,––±º“üŒû³–Ê,(047)337-5696,,,,,,,,,,,,,http://www.city.ichikawa.lg.jp/pub01/1211000002.html,,,,,,
122033,,,‘å–ì’nˆæ‚Ó‚ê‚ ‚¢ŠÙ,µµÉÁ²·ÌÚ±²¶İ,,,,ç—tŒ§sìs‘å–ì’¬3’š–Ú1625-1,ç—tŒ§,sìs,‘å–ì’¬3’š–Ú,1625-1,,35.75800884,139.9554341,,,ŒºŠÖ³–Ê,(047)338-3754,,,,,,,,,,,,,http://www.city.ichikawa.lg.jp/pub01/1211000002.html,,,,,,
122033,,,‚¢‚«‚¢‚«¾İÀ-–k‘•ª,²·²·¾İÀ-·Àº¸ÌŞİ,,,,ç—tŒ§sìs–k‘•ª1’š–Ú12-32,ç—tŒ§,sìs,–k‘•ª1’š–Ú,12-32,,35.7588551,139.9035448,,,1ŠKŠˆ“®º“à•Ç–Ê,(047)377-2167,,,,,,,,,,,,,http://www.city.ichikawa.lg.jp/pub01/1211000002.html,,,,,,
122033,,,sì—ğj”•¨ŠÙ,²Á¶ÜÚ·¼Ê¸ÌŞÂ¶İ,,,,ç—tŒ§sìs–x”V“à2’š–Ú27-1,ç—tŒ§,sìs,–x”V“à2’š–Ú,27-1,,35.75983413,139.9115302,,,—ğj”•¨ŠÙ––±º‘O,(047)373-6351,,,,,,,,,,,,,http://www.city.ichikawa.lg.jp/pub01/1211000002.html,,,,,,
122033,,,—{Œì˜VlÎ-Ñ‚¢‚±‚¢‘‘,Ö³ºŞÛ³¼ŞİÎ-Ñ²º²¿³,,,,ç—tŒ§sìs‘å’¬521,ç—tŒ§,sìs,‘å’¬,521,,35.76004975,139.9534961,,,––±º‘O˜L‰º‚Ì•Ç,(047)337-8703,,,,,,,,,,,,,http://www.city.ichikawa.lg.jp/pub01/1211000002.html,,,,,,
122033,,,sìsÖê,²Á¶Ü¼»²¼Ş®³,,,,ç—tŒ§sìs‘å–ì’¬4’š–Ú2610-1,ç—tŒ§,sìs,‘å–ì’¬4’š–Ú,2610-1,,35.76191297,139.9714241,,,––±º“üŒû³–Ê,(047)338-2941,,,,,,,,,,,,,http://www.city.ichikawa.lg.jp/pub01/1211000002.html,,,,,,
122033,,,“®A•¨‰€,ÄŞ³¼®¸ÌŞÂ´İ,,,,ç—tŒ§sìs‘å’¬284-1,ç—tŒ§,sìs,‘å’¬,284-1,,35.7642707,139.9659541,,,––±º,(047)338-1960,,,,,,,,,,,,,http://www.city.ichikawa.lg.jp/pub01/1211000002.html,,,,,,
122033,,,­”N©‘R‚Ì‰Æ,¼®³Èİ¼¾ŞİÉ²´,,,,ç—tŒ§sìs‘å’¬280-4,ç—tŒ§,sìs,‘å’¬,280-4,,35.76603089,139.9662272,,,––±º“à,(047)337-0533,,,,,,,,,,,,,http://www.city.ichikawa.lg.jp/pub01/1211000002.html,,,,,,
122033,,,ŠÏÜA•¨‰€,¶İ¼®³¼®¸ÌŞÂ´İ,,,,ç—tŒ§sìs‘å’¬213-11,ç—tŒ§,sìs,‘å’¬,213-11,,35.76845712,139.9704539,,,––±º,(047)339-4411,,,,,,,,,,,,,http://www.city.ichikawa.lg.jp/pub01/1211000002.html,,,,,,
122033,,,‘å’¬¬ŠwZ,µµÏÁ¼®³¶Ş¯º³,,,,ç—tŒ§sìs‘å’¬84-10,ç—tŒ§,sìs,‘å’¬,84-10,,35.7718004,139.9570515,,,•ÛŒ’º‘O,(047)337-3610,,,,,,,,,,,,,http://www.city.ichikawa.lg.jp/pub01/1211000002.html,,,,,,
122033,,,s–ğŠ‘æˆê’¡É,¼Ô¸¼®ÀŞ²²ÁÁ®³¼¬,,,,ç—tŒ§sìs”ª”¦1’š–Ú1-1,ç—tŒ§,sìs,”ª”¦1’š–Ú,1-1,,35.72179702,139.9310206,,,1ŠKç‰qº“à,(047)712-8647,,,,,,,,,,,,,http://www.city.ichikawa.lg.jp/pub01/1211000002.html,,,,,,
122033,,,s–ğŠ‘æ“ñ’¡É•ªŠÙ,¼Ô¸¼®ÀŞ²ÆÁ®³¼¬ÌŞİ¶İ,,,,ç—tŒ§sìs“ì”ª”¦2’š–Ú17-7,ç—tŒ§,sìs,“ì”ª”¦2’š–Ú,17-7,,35.71397267,139.9287259,,,‚QŠK‹ZpŠÇ—‰Û,(047)704-0058,,,,,,,,,,,,,http://www.city.ichikawa.lg.jp/pub01/1211000002.html,,,,,,
122033,,,s“¿‚Ó‚ê‚ ‚¢“`³ŠÙ,·Ş®³Ä¸ÌÚ±²ÃŞİ¼®³¶İ,,,,ç—tŒ§sìs–{s“¿35-7,ç—tŒ§,sìs,–{s“¿,35-7,,35.6904387,139.9154706,,,––±º“à,(047)314-8177,,,,,,,,,,,,,http://www.city.ichikawa.lg.jp/pub01/1211000002.html,,,,,,
122033,,,sìlŒÃ”•¨ŠÙ,²Á¶Üº³ºÊ¸ÌŞÂ¶İ,,,,ç—tŒ§sìs–x”V“à2’š–Ú26-1,ç—tŒ§,sìs,–x”V“à2’š–Ú,26-1,,35.7590073,139.9120419,,,lŒÃ”•¨ŠÙƒƒr[‘O,(047)373-2202,,,,,,,,,,,,,http://www.city.ichikawa.lg.jp/pub01/1211000002.html,,,,,,
122033,,,s“¿–ì’¹ŠÏ@É‚ ‚¢‚Ë‚·‚Æ,·Ş®³Ä¸ÔÁ®³¶İ»Â¼¬±²È½Ä,,,,ç—tŒ§sìs•Ÿ‰h4’š–Ú22-11,ç—tŒ§,sìs,•Ÿ‰h4’š–Ú,22-11,,35.66853221,139.9157757,,,ŒºŠÖ³–Ê,(047)702-8045,,,,,,,,,,,,,http://www.city.ichikawa.lg.jp/pub01/1211000002.html,,,,,,
122033,,,‚Ò‚ ‚Ï[‚­–­“T,Ëß±Êß°¸Ğ®³ÃŞİ,,,,ç—tŒ§sìs‰º–­“T941-3,,sìs,‰º–­“T,941-3,,35.687657,139.935535,,,Œö‰€ŠÇ—““à,(047)712-6367,,,,,,,,,,,,,,,,,,,
122033,,,‘æˆê’†ŠwZ@‰@“àŠw‹‰,ÀŞ²²ÁÁ­³¶Ş¯º³ ²İÅ²¶Ş¯·­³,,,,ç—tŒ§sìs‘•{‘ä1]7]5,,sìs,‘•{‘ä1’š–Ú,7]5,,35.74511,139.90751,,,Eˆõº,(047)372-7850,,,,,,,,,,,,,,,,,,,
