‘S‘’n•ûŒö‹¤’c‘ÌƒR[ƒh,ID,’n•ûŒö‹¤’c‘Ì–¼,–¼Ì,–¼Ì_ƒJƒi,–¼Ì_‰pš,–¼Ì_’ÊÌ,ŠO•”¯•Êq,ŠO•”¯•Êq‚Ì’l,Šİ’n_‘S‘’n•ûŒö‹¤’c‘ÌƒR[ƒh,’¬šID,Šİ’n_˜AŒ‹•\‹L,Šİ’n_“s“¹•{Œ§,Šİ’n_s‹æ’¬‘º,Šİ’n_’¬š,Šİ’n_”Ô’nˆÈ‰º,Œš•¨–¼“™(•û‘),ˆÜ“x,Œo“x,‚“x‚Ìí•Ê,‚“x‚Ì’l,“d˜b”Ô†,“àü”Ô†,˜A—æƒ[ƒ‹ƒAƒhƒŒƒX,˜A—æFormURL,˜A—æ”õli‚»‚Ì‘¼ASNS‚È‚Çj,—X•Ö”Ô†,URL,‰æ‘œ,‰æ‘œ_ƒ‰ƒCƒZƒ“ƒX,”õl
122033,,sìs,•ÛŒ’ƒZƒ“ƒ^[,Î¹İ¾İÀ°,,,,,122033,,ç—tŒ§sìs“ì”ª”¦4’š–Ú18-8,ç—tŒ§,sìs,“ì”ª”¦4’š–Ú,18-8,,35.71741,139.92392,,,,,,,,,https://www.city.ichikawa.lg.jp/pub03/1111000060.html,,,
122033,,sìs,“¹‚Ì‰w‚¢‚¿‚©‚í,ĞÁÉ´·²Á¶Ü,,,,,122033,,ç—tŒ§sìs‘•ª6’š–Ú10-1,ç—tŒ§,sìs,‘•ª6’š–Ú,10-1,,35.75004,139.9201,,,,,,,,,https://www.city.ichikawa.lg.jp/cit02/1111000086.html,,,
122033,,sìs,sì¤H‰ï‹cŠ,²Á¶Ü¼®³º³¶²·Ş¼®,,,,,122033,,ç—tŒ§sìs“ì”ª”¦2’š–Ú21-1,ç—tŒ§,sìs,“ì”ª”¦2’š–Ú,21-1,,35.71331,139.92757,,,,,,,,,https://www.ichikawa-cci.or.jp/,,,
122033,,sìs,J:COM–ksìƒXƒ|[ƒcƒp[ƒN,¼Şª²ºÑ·À²Á¶Ü½Îß°ÂÊß°¸,,,,,122033,,ç—tŒ§sìs”ˆä’¬4’š–Ú277-1,ç—tŒ§,sìs,”ˆä’¬4’š–Ú,277-1,,35.75367,139.96691,,,,,,,,,https://www.city.ichikawa.lg.jp/pub06/1111000129.html,,,
122033,,sìs,“cK˜Vl‚¢‚±‚¢‚Ì‰Æ,À¼ŞØÛ³¼Şİ²º²É²´,,,,,122033,,ç—tŒ§sìs“cK4’š–Ú13-3,ç—tŒ§,sìs,“cK4’š–Ú,13-3,,35.70342,139.9344367,,,,,,,,,https://www.city.ichikawa.lg.jp/catpage/cat_00000526.html,,,
122033,,sìs,‰–•ls–¯‘ÌˆçŠÙ,¼µÊÏ¼ĞİÀ²²¸¶İ,,,,,122033,,ç—tŒ§sìs‰–•l4’š–Ú9-1,ç—tŒ§,sìs,‰–•l4’š–Ú,9-1,,35.66118,139.9147014,,,,,,,,,https://www.city.ichikawa.lg.jp/catpage/cat_00000553.html,,,
122033,,sìs,ƒXƒ|[ƒcƒZƒ“ƒ^[,½Îß°Â¾İÀ°,,,,,122033,,ç—tŒ§sìs‘•{‘ä1’š–Ú6-4,ç—tŒ§,sìs,‘•{‘ä1’š–Ú,6-4,,35.7431,139.90741,,,,,,,,,https://www.city.ichikawa.lg.jp/catpage/ka-cat-hokensports-sportscenter.html,,,
122033,,sìs,¼Á–h,Æ¼¼®³ÎŞ³¼®,,,,,122033,,ç—tŒ§sìssì1’š–Ú24-2,ç—tŒ§,sìs,sì1’š–Ú,24-2,,35.73004,139.9103384,,,,,,,,,https://www.city.ichikawa.lg.jp/catpage/map-shoubou.html,,,
122033,,sìs,“ŒÁ–h,Ë¶Ş¼¼®³ÎŞ³¼®,,,,,122033,,ç—tŒ§sìs”ª”¦1’š–Ú8-1,ç—tŒ§,sìs,”ª”¦1’š–Ú,8-1,,35.71947,139.9347003,,,,,,,,,https://www.city.ichikawa.lg.jp/catpage/map-shoubou.html,,,
122033,,sìs,“ìÁ–h,ĞÅĞ¼®³ÎŞ³¼®,,,,,122033,,ç—tŒ§sìss“¿‰w‘O4’š–Ú6-19,ç—tŒ§,sìs,s“¿‰w‘O4’š–Ú,6-19,,35.67959,139.915162,,,,,,,,,https://www.city.ichikawa.lg.jp/catpage/map-shoubou.html,,,
122033,,sìs,sìƒ}ƒCƒiƒ“ƒo[ƒJ[ƒhƒZƒ“ƒ^[,²Á¶ÜÏ²ÅİÊŞ°¶°ÄŞ¾İÀ°,,,,,122033,,ç—tŒ§sìs“ì”ª”¦4’š–Ú2-5,ç—tŒ§,sìs,“ì”ª”¦4’š–Ú,2-5,,35.72055,139.9266064,,,,,,,,,https://www.city.ichikawa.lg.jp/res01/1111000084.html,,,
122033,,sìs,Vˆäeq‚Â‚Ç‚¢‚ÌLê,±×²µÔºÂÄŞ²ÉËÛÊŞ,,,,,122033,,ç—tŒ§sìsVˆä3’š–Ú31-1,ç—tŒ§,sìs,Vˆä3’š–Ú,31-1,,35.66976,139.8987025,,,,,,,,,https://www.city.ichikawa.lg.jp/chi01/1531000003.html,,,
122033,,sìs,V•leq‚Â‚Ç‚¢‚ÌLê,Æ²ÊÏµÔºÂÄŞ²ÉËÛÊŞ,,,,,122033,,ç—tŒ§sìsV•l1’š–Ú26-1,ç—tŒ§,sìs,V•l1’š–Ú,26-1,,35.67466,139.9166373,,,,,,,,,https://www.city.ichikawa.lg.jp/chi01/1531000003.html,,,
122033,,sìs,‚¢‚¿‚©‚íŠÏŒõ•¨YƒCƒ“ƒtƒHƒ[ƒVƒ‡ƒ“,²Á¶Ü¶İº³ÌŞ¯»İ²İÌ«Ò°¼®İ,,,,,122033,,ç—tŒ§sìs”ª”¦2’š–Ú4-8,ç—tŒ§,sìs,”ª”¦2’š–Ú,4-8,,35.72258,139.9279836,,,,,,,,,https://www.city.ichikawa.lg.jp/cul02/1111000017.html,,,
122033,,sìs,‹Î˜J•ŸƒƒZƒ“ƒ^[,·İÛ³Ì¸¼¾İÀ°,,,,,122033,,ç—tŒ§sìs“ì”ª”¦2’š–Ú20-1,ç—tŒ§,sìs,“ì”ª”¦2’š–Ú,20-1,,35.71408,139.9273548,,,,,,,,,https://www.city.ichikawa.lg.jp/eco01/1112000001.html,,,
122033,,sìs,‹Î˜J•ŸƒƒZƒ“ƒ^[•ªŠÙ,·İÛ³Ì¸¼¾İÀ°ÌŞİ¶İ,,,,,122033,,ç—tŒ§sìs“ì”ª”¦5’š–Ú20-3,ç—tŒ§,sìs,“ì”ª”¦5’š–Ú,20-3,,35.71881,139.9211595,,,,,,,,,https://www.city.ichikawa.lg.jp/eco01/1112000001.html,,,
122033,,sìs,“Œ•”Œö–¯ŠÙ,Ä³ÌŞº³Ğİ¶İ,,,,,122033,,ç—tŒ§sìs–{–k•û3’š–Ú19-16,ç—tŒ§,sìs,–{–k•û3’š–Ú,19-16,,35.72891,139.9509842,,,,,,,,,https://www.city.ichikawa.lg.jp/edu12/1411000002.html,,,
122033,,sìs,sìŒö–¯ŠÙ,²Á¶Üº³Ğİ¶İ,,,,,122033,,ç—tŒ§sìssì2’š–Ú33-2,ç—tŒ§,sìs,sì2’š–Ú,33-2,,35.73104,139.9066028,,,,,,,,,https://www.city.ichikawa.lg.jp/edu12/1411000003.html,,,
122033,,sìs,s“¿Œö–¯ŠÙ,·Ş®³Ä¸º³Ğİ¶İ,,,,,122033,,ç—tŒ§sìs––L1’š–Ú1-31,ç—tŒ§,sìs,––L1’š–Ú,1-31,,35.6857,139.9163944,,,,,,,,,https://www.city.ichikawa.lg.jp/edu12/1411000004.html,,,
122033,,sìs,‹S‚Œö–¯ŠÙ,µÆÀ¶º³Ğİ¶İ,,,,,122033,,ç—tŒ§sìs‹S‚2’š–Ú12-23,ç—tŒ§,sìs,‹S‚2’š–Ú,12-23,,35.71325,139.9387925,,,,,,,,,https://www.city.ichikawa.lg.jp/edu12/1421000001.html,,,
122033,,sìs,”ˆäŒö–¯ŠÙ,¶¼Ü²º³Ğİ¶İ,,,,,122033,,ç—tŒ§sìs”ˆä’¬2’š–Ú844,ç—tŒ§,sìs,”ˆä’¬2’š–Ú,844,,35.746,139.9654028,,,,,,,,,https://www.city.ichikawa.lg.jp/edu12/1421000002.html,,,
122033,,sìs,¼•”Œö–¯ŠÙ,¾²ÌŞº³Ğİ¶İ,,,,,122033,,ç—tŒ§sìs’†‘•ª2’š–Ú13-8,ç—tŒ§,sìs,’†‘•ª2’š–Ú,13-8,,35.7492,139.913077,,,,,,,,,https://www.city.ichikawa.lg.jp/edu12/1421000003.html,,,
122033,,sìs,–{s“¿Œö–¯ŠÙ,Îİ·Ş®³Ä¸º³Ğİ¶İ,,,,,122033,,ç—tŒ§sìs–{s“¿12-8,ç—tŒ§,sìs,–{s“¿,12-8,,35.69459,139.9182711,,,,,,,,,https://www.city.ichikawa.lg.jp/edu12/1421000004.html,,,
122033,,sìs,›–ìŒö–¯ŠÙ,½¶ŞÉº³Ğİ¶İ,,,,,122033,,ç—tŒ§sìs›–ì3’š–Ú24-2,ç—tŒ§,sìs,›–ì3’š–Ú,24-2,,35.73262,139.9169915,,,,,,,,,https://www.city.ichikawa.lg.jp/edu12/1431000001.html,,,
122033,,sìs,‘å–ìŒö–¯ŠÙ,µµÉº³Ğİ¶İ,,,,,122033,,ç—tŒ§sìs“ì‘å–ì2’š–Ú3-19,ç—tŒ§,sìs,“ì‘å–ì2’š–Ú,3-19,,35.74519,139.9531642,,,,,,,,,https://www.city.ichikawa.lg.jp/edu12/1431000002.html,,,
122033,,sìs,sì‰w“ìŒö–¯ŠÙ,²Á¶Ü´·ĞÅĞº³Ğİ¶İ,,,,,122033,,ç—tŒ§sìs‘åF4’š–Ú18-3,ç—tŒ§,sìs,‘åF4’š–Ú,18-3,,35.72275,139.9064958,,,,,,,,,https://www.city.ichikawa.lg.jp/edu12/1431000003.html,,,
122033,,sìs,KŒö–¯ŠÙ,»²Ü²º³Ğİ¶İ,,,,,122033,,ç—tŒ§sìsK1’š–Ú16-18,ç—tŒ§,sìs,K1’š–Ú,16-18,,35.68035,139.9278453,,,,,,,,,https://www.city.ichikawa.lg.jp/edu12/1431000004.html,,,
122033,,sìs,M“ÄŒö–¯ŠÙ,¼İÄ¸º³Ğİ¶İ,,,,,122033,,ç—tŒ§sìs‚’J1’š–Ú8-1,ç—tŒ§,sìs,‚’J1’š–Ú,8-1,,35.70173,139.9417389,,,,,,,,,https://www.city.ichikawa.lg.jp/edu12/1441000001.html,,,
122033,,sìs,á‹{Œö–¯ŠÙ,Ü¶ĞÔº³Ğİ¶İ,,,,,122033,,ç—tŒ§sìsá‹{2’š–Ú15-8,ç—tŒ§,sìs,á‹{2’š–Ú,15-8,,35.72255,139.955805,,,,,,,,,https://www.city.ichikawa.lg.jp/edu12/1441000002.html,,,
122033,,sìs,‘]’JŒö–¯ŠÙ,¿Ôº³Ğİ¶İ,,,,,122033,,ç—tŒ§sìs‘]’J6’š–Ú25-5,ç—tŒ§,sìs,‘]’J6’š–Ú,25-5,,35.74368,139.92771,,,,,,,,,https://www.city.ichikawa.lg.jp/edu12/1441000003.html,,,
122033,,sìs,“ìs“¿Œö–¯ŠÙ,ĞÅĞ·Ş®³Ä¸º³Ğİ¶İ,,,,,122033,,ç—tŒ§sìs‘Š”Vì1’š–Ú3-7,ç—tŒ§,sìs,‘Š”Vì1’š–Ú,3-7,,35.68023,139.8990884,,,,,,,,,https://www.city.ichikawa.lg.jp/edu12/1441000004.html,,,
122033,,sìs,lŒÃ”•¨ŠÙ,º³ºÊ¸ÌŞÂ¶İ,,,,,122033,,ç—tŒ§sìs–x”V“à2’š–Ú26-1,ç—tŒ§,sìs,–x”V“à2’š–Ú,26-1,,35.75908,139.9120583,,,,,,,,,https://www.city.ichikawa.lg.jp/edu14/1111000001.html,,,
122033,,sìs,—ğj”•¨ŠÙ,Ú·¼Ê¸ÌŞÂ¶İ,,,,,122033,,ç—tŒ§sìs–x”V“à2’š–Ú27-1,ç—tŒ§,sìs,–x”V“à2’š–Ú,27-1,,35.75985,139.9115395,,,,,,,,,https://www.city.ichikawa.lg.jp/edu15/1111000005.html,,,
122033,,sìs,­”N©‘R‚Ì‰Æ,¼®³Èİ¼¾ŞİÉ²´,,,,,122033,,ç—tŒ§sìs‘å’¬280-4,ç—tŒ§,sìs,‘å’¬,280-4,,35.76605,139.9662123,,,,,,,,,https://www.city.ichikawa.lg.jp/edu16/index2.html,,,
122033,,sìs,’j—‹¤“¯Q‰æƒZƒ“ƒ^[,ÀŞİ¼Ş®·®³ÄŞ³»İ¶¸¾İÀ°,,,,,122033,,ç—tŒ§sìssì1’š–Ú24-2,ç—tŒ§,sìs,sì1’š–Ú,24-2,,35.73008647,139.910427,,,,,,,,,https://www.city.ichikawa.lg.jp/gen05/1111000005.html,,,
122033,,sìs,s“¿xŠ,·Ş®³Ä¸¼¼®,,,,,122033,,ç—tŒ§sìs––L1’š–Ú1-31,ç—tŒ§,sìs,––L1’š–Ú,1-31,,35.68570819,139.9163725,,,,,,,,,https://www.city.ichikawa.lg.jp/gyo01/1111000036.html,,,
122033,,sìs,“ìs“¿s–¯ƒZƒ“ƒ^[,ĞÅĞ·Ş®³Ä¸¼Ğİ¾İÀ°,,,,,122033,,ç—tŒ§sìs“ìs“¿1’š–Ú21-1,ç—tŒ§,sìs,“ìs“¿1’š–Ú,21-1,,35.67165964,139.9013564,,,,,,,,,https://www.city.ichikawa.lg.jp/gyo05/1111000001.html,,,
122033,,sìs,“ŒRŠ@ˆÎ‹L”OŠÙ,Ë¶Ş¼ÔÏ¶²²·Èİ¶İ,,,,,122033,,ç—tŒ§sìs’†R1’š–Ú16-2,ç—tŒ§,sìs,’†R1’š–Ú,16-2,,35.72271172,139.94662,,,,,,,,,https://www.city.ichikawa.lg.jp/higashiyama/,,,
122033,,sìs,‘æ1’¡É,ÀŞ²²ÁÁ®³¼¬,,,,,122033,,ç—tŒ§sìs”ª”¦1’š–Ú1-1,ç—tŒ§,sìs,”ª”¦1’š–Ú,1-1,,35.713725,139.927795,,,,,,,,,https://www.city.ichikawa.lg.jp/fin08/1111000138.html,,,
122033,,sìs,‘æ2’¡É,ÀŞ²ÆÁ®³¼¬,,,,,122033,,ç—tŒ§sìs“ì”ª”¦2’š–Ú20-2,ç—tŒ§,sìs,“ì”ª”¦2’š–Ú,20-2,,35.71361,139.92794,,,,,,,,,https://www.city.ichikawa.lg.jp/cus01/1111000002.html,,,
122033,,sìs,•½“c}‘º,Ë×ÀÄ¼®¼Â,,,,,122033,,ç—tŒ§sìs•½“c1’š–Ú20-16,ç—tŒ§,sìs,•½“c1’š–Ú,20-16,,35.72469906,139.9196517,,,,,,,,,https://www.city.ichikawa.lg.jp/library/guide/1008.html,,,
122033,,sìs,’†‰›}‘ŠÙ,Á­³µ³Ä¼®¶İ,,,,,122033,,ç—tŒ§sìs‹S‚1’š–Ú1-4,ç—tŒ§,sìs,‹S‚1’š–Ú,1-4,,35.71527931,139.9320203,,,,,,,,,https://www.city.ichikawa.lg.jp/library/guide/1014.html,,,
122033,,sìs,sì‰w“ìŒû}‘ŠÙ,²Á¶Ü´·ĞÅĞ¸ŞÁÄ¼®¶İ,,,,,122033,,ç—tŒ§sìssì“ì1’š–Ú10-13ŠK,ç—tŒ§,sìs,sì“ì1’š–Ú,10-1,3ŠK,35.72916981,139.9060706,,,,,,,,,https://www.city.ichikawa.lg.jp/library/guide/1015.html,,,
122033,,sìs,’†‰›‚±‚Ç‚àŠÙ,Á­³µ³ºÄŞÓ¶İ,,,,,122033,,ç—tŒ§sìs‹S‚1’š–Ú1-4¶ŠUŠwKƒZƒ“ƒ^[“à,ç—tŒ§,sìs,‹S‚1’š–Ú,1-4,¶ŠUŠwKƒZƒ“ƒ^[“à,35.71619,139.93226,,,,,,,,,https://www.city.ichikawa.lg.jp/chi01/1512000002.html,,,
122033,,sìs,ƒŠƒnƒrƒŠƒe[ƒVƒ‡ƒ“•a‰@,ØÊËŞØÃ°¼®İËŞ®³²İ,,,,,122033,,ç—tŒ§sìs”ˆä’¬4’š–Ú229-4,ç—tŒ§,sìs,”ˆä’¬4’š–Ú,229-4,,35.75154,139.9647839,,,,,,,,,https://www.city.ichikawa.lg.jp/pub07/1111000002.html,,,
122033,,sìs,‹}•af—ÃE‚Ó‚ê‚ ‚¢ƒZƒ“ƒ^[,·­³ËŞ®³¼İØ®³EÌÚ±²¾İÀ°,,,,,122033,,ç—tŒ§sìs‘åF1’š–Ú18-1,ç—tŒ§,sìs,‘åF1’š–Ú,18-1,,35.71803,139.9109678,,,,,,,,,https://www.city.ichikawa.lg.jp/pub10/1111000089.html,,,
122033,,sìs,’†R‘‹Œû˜A—Š,Å¶ÔÏÏÄŞ¸ŞÁÚİ×¸¼®,,,,,122033,,ç—tŒ§sìs’†R4’š–Ú14-1,ç—tŒ§,sìs,’†R4’š–Ú,14-1,,35.71728,139.9459108,,,,,,,,,https://www.city.ichikawa.lg.jp/res01/1531000004.html,,,
122033,,sìs,‘•ª‘‹Œû˜A—Š,º¸ÌŞİÏÄŞ¸ŞÁÚİ×¸¼®,,,,,122033,,ç—tŒ§sìs‘•ª6’š–Ú22-8,ç—tŒ§,sìs,‘•ª6’š–Ú,22-8,,35.75151,139.91812,,,,,,,,,https://www.city.ichikawa.lg.jp/res01/1531000010.html,,,
122033,,sìs,M“Ä‘‹Œû˜A—Š,¼İÄ¸ÏÄŞ¸ŞÁÚİ×¸¼®,,,,,122033,,ç—tŒ§sìs‚’J1’š–Ú8-3,ç—tŒ§,sìs,‚’J1’š–Ú,8-3,,35.70116,139.9420542,,,,,,,,,https://www.city.ichikawa.lg.jp/res01/1541000009.html,,,
122033,,sìs,Á”ï¶ŠˆƒZƒ“ƒ^[,¼®³Ë¾²¶Â¾İÀ°,,,,,122033,,ç—tŒ§sìssì“ì1’š–Ú1-1ƒU ƒ^ƒ[ƒY ƒC[ƒXƒg213†i2ŠKj,ç—tŒ§,sìs,sì“ì1’š–Ú,1-1,ƒU ƒ^ƒ[ƒY ƒC[ƒXƒg213†i2ŠKj,35.72813,139.9087446,,,,,,,,,https://www.city.ichikawa.lg.jp/res02/index2.html,,,
122033,,sìs,‘å”o’£Š,µµ¶Ş¼Ü¼­¯Á®³¼Ş®,,,,,122033,,ç—tŒ§sìs“ì‘å–ì2’š–Ú3-19,ç—tŒ§,sìs,“ì‘å–ì2’š–Ú,3-19,,35.74531,139.9532011,,,,,,,,,https://www.city.ichikawa.lg.jp/res05/1111000001.html,,,
122033,,sìs,sì‰ws­ƒT[ƒrƒXƒZƒ“ƒ^[,²Á¶Ü´··Ş®³¾²»°ËŞ½¾İÀ°,,,,,122033,,ç—tŒ§sìssì“ì1’š–Ú1-1»ŞÀÜ°½Ş²°½Ä3ŠK,ç—tŒ§,sìs,sì“ì1’š–Ú,1-1,»ŞÀÜ°½Ş²°½Ä3ŠK,35.72829,139.9081258,,,,,,,,,https://www.city.ichikawa.lg.jp/res06/1521000001.html,,,
122033,,sìs,sì˜Vl‚¢‚±‚¢‚Ì‰Æ,²Á¶ÜÛ³¼Şİ²º²É²´,,,,,122033,,ç—tŒ§sìssì2’š–Ú33-6,ç—tŒ§,sìs,sì2’š–Ú,33-6,,35.7315,139.9060284,,,,,,,,,https://www.city.ichikawa.lg.jp/wel01/1111000004.html,,,
122033,,sìs,–k•û˜Vl‚¢‚±‚¢‚Ì‰Æ,·À¶ÀÛ³¼Şİ²º²É²´,,,,,122033,,ç—tŒ§sìs–k•û2’š–Ú29-19,ç—tŒ§,sìs,–k•û2’š–Ú,29-19,,35.72542,139.9410525,,,,,,,,,https://www.city.ichikawa.lg.jp/wel01/1111000004.html,,,
122033,,sìs,–k‘•ª˜Vl‚¢‚±‚¢‚Ì‰Æ,·Àº¸ÌŞİÛ³¼Şİ²º²É²´,,,,,122033,,ç—tŒ§sìs–k‘•ª1’š–Ú12-32,ç—tŒ§,sìs,–k‘•ª1’š–Ú,12-32,,35.75886,139.9035431,,,,,,,,,https://www.city.ichikawa.lg.jp/wel01/1111000004.html,,,
122033,,sìs,“ìs“¿˜Vl‚¢‚±‚¢‚Ì‰Æ,ĞÅĞ·Ş®³Ä¸Û³¼Şİ²º²É²´,,,,,122033,,ç—tŒ§sìsæ1’š–Ú17-18,ç—tŒ§,sìs,æ1’š–Ú,17-18,,35.68227,139.9032881,,,,,,,,,https://www.city.ichikawa.lg.jp/wel01/1111000004.html,,,
122033,,sìs,‹{‹v•Û˜Vl‚¢‚±‚¢‚Ì‰Æ,ĞÔ¸ÎŞÛ³¼Şİ²º²É²´,,,,,122033,,ç—tŒ§sìs‹{‹v•Û4’š–Ú2-4,ç—tŒ§,sìs,‹{‹v•Û4’š–Ú,2-4,,35.73697,139.9361153,,,,,,,,,https://www.city.ichikawa.lg.jp/wel01/1111000004.html,,,
122033,,sìs,‹S‰z˜Vl‚¢‚±‚¢‚Ì‰Æ,µÆºŞ´Û³¼Şİ²º²É²´,,,,,122033,,ç—tŒ§sìs‹S‰z1’š–Ú25-3,ç—tŒ§,sìs,‹S‰z1’š–Ú,25-3,,35.72028,139.9386803,,,,,,,,,https://www.city.ichikawa.lg.jp/wel01/1111000005.html,,,
122033,,sìs,•Ÿ‰h˜Vl‚¢‚±‚¢‚Ì‰Æ,Ì¸´²Û³¼Şİ²º²É²´,,,,,122033,,ç—tŒ§sìs•Ÿ‰h4’š–Ú32-2,ç—tŒ§,sìs,•Ÿ‰h4’š–Ú,32-2,,35.66944,139.9092861,,,,,,,,,https://www.city.ichikawa.lg.jp/wel01/1111000006.html,,,
122033,,sìs,“ú”Vo˜Vl‚¢‚±‚¢‚Ì‰Æ,ËÉÃŞÛ³¼Şİ²º²É²´,,,,,122033,,ç—tŒ§sìs“ú”Vo8-18,ç—tŒ§,sìs,“ú”Vo,8-18,,35.67811,139.9236778,,,,,,,,,https://www.city.ichikawa.lg.jp/wel01/1111000007.html,,,
122033,,sìs,‰–•l˜Vl‚¢‚±‚¢‚Ì‰Æ,¼µÊÏÛ³¼Şİ²º²É²´,,,,,122033,,ç—tŒ§sìs‰–•l4’š–Ú3ƒnƒCƒ^ƒEƒ“‰–•l1†“101,ç—tŒ§,sìs,‰–•l4’š–Ú,3,ƒnƒCƒ^ƒEƒ“‰–•l1†“101,35.66334,139.9129914,,,,,,,,,https://www.city.ichikawa.lg.jp/wel01/1111000008.html,,,
122033,,sìs,“®A•¨‰€,ÄŞ³¼®¸ÌŞÂ´İ,,,,,122033,,ç—tŒ§sìs‘å’¬284-1,ç—tŒ§,sìs,‘å’¬,284-1,,35.76397,139.9660761,,,,,,,,,https://www.city.ichikawa.lg.jp/zoo/news.html,,,
122033,,sìs,JR‹—tüsì‰–•l‰w,¼Şª²±°Ù¹²Ö³¾İ²Á¶Ü¼µÊÏ´·,,,,,122033,,ç—tŒ§sìs‰–•l2’š–Ú2,ç—tŒ§,sìs,‰–•l2’š–Ú,2,,35.6667,139.9236373,,,,,,,,,https://www.jreast.co.jp/,,,
122033,,sìs,JR‹—tü“ñ–“V’¬‰w,¼Şª²±°Ù¹²Ö³¾İÌÀÏÀ¼İÏÁ´·,,,,,122033,,ç—tŒ§sìs“ñ–“V’¬3,ç—tŒ§,sìs,“ñ–“V’¬,3,,35.69128,139.9590389,,,,,,,,,https://www.jreast.co.jp/,,,
122033,,sìs,JR‘•üsì‰w,¼Şª²±°Ù¿³ÌŞ¾İ²Á¶Ü´·,,,,,122033,,ç—tŒ§sìssì1’š–Ú1-1,ç—tŒ§,sìs,sì1’š–Ú,1-1,,35.72897,139.908032,,,,,,,,,https://www.jreast.co.jp/,,,
122033,,sìs,JR‘•ü‰º‘’†R‰w,¼Şª²±°Ù¿³ÌŞ¾İ¼Ó³»Å¶ÔÏ´·,,,,,122033,,ç—tŒ§‘D‹´s–{’†R2’š–Ú17-37,ç—tŒ§,‘D‹´s,–{’†R2’š–Ú,17-37,,35.71436,139.94304,,,,,,,,,https://www.jreast.co.jp/,,,
122033,,sìs,JR‘•ü–{”ª”¦‰w,¼Şª²±°Ù¿³ÌŞ¾İÓÄÔÜÀ´·,,,,,122033,,ç—tŒ§sìs”ª”¦2’š–Ú17-1,ç—tŒ§,sìs,”ª”¦2’š–Ú,17-1,,35.72091,139.9273067,,,,,,,,,https://www.jreast.co.jp/,,,
122033,,sìs,JR•‘ –ìüsì‘å–ì‰w,¼Şª²±°ÙÑ»¼É¾İ²Á¶ÜµµÉ´·,,,,,122033,,ç—tŒ§sìs‘å–ì’¬3’š–Ú1423,ç—tŒ§,sìs,‘å–ì’¬3’š–Ú,1423,,35.75542,139.95136,,,,,,,,,https://www.jreast.co.jp/,,,
122033,,sìs,JR‘•ü‘D‹´–@“T‰w,¼Şª²±°ÙÑ»¼É¾İÌÅÊŞ¼Î³Ãİ´·,,,,,122033,,ç—tŒ§‘D‹´s“¡Œ´1-27-1,ç—tŒ§,‘D‹´s,“¡Œ´,1-27-1,,35.73087,139.96659,,,,,,,,,https://www.jreast.co.jp/,,,
122033,,sìs,‹¬“d“Ssì^ŠÔ‰w,¹²¾²ÃŞİÃÂ²Á¶ÜÏÏ´·,,,,,122033,,ç—tŒ§sìs^ŠÔ1’š–Ú11-1,ç—tŒ§,sìs,^ŠÔ1’š–Ú,11-1,,35.73155,139.9113203,,,,,,,,,https://www.keisei.co.jp/,,,
122033,,sìs,‹¬“d“S‹S‰z‰w,¹²¾²ÃŞİÃÂµÆºŞ´´·,,,,,122033,,ç—tŒ§sìs‹S‰z1’š–Ú4-5,ç—tŒ§,sìs,‹S‰z1’š–Ú,4-5,,35.7197,139.9380139,,,,,,,,,https://www.keisei.co.jp/,,,
122033,,sìs,‹¬“d“S‹¬’†R‰w,¹²¾²ÃŞİÃÂ¹²¾²Å¶ÔÏ´·,,,,,122033,,ç—tŒ§‘D‹´s–{’†R1’š–Ú9-1,ç—tŒ§,‘D‹´s,–{’†R1’š–Ú,9-1,,35.71694,139.94469,,,,,,,,,https://www.keisei.co.jp/,,,
122033,,sìs,‹¬“d“S‹¬”ª”¦‰w,¹²¾²ÃŞİÃÂ¹²¾²ÔÜÀ´·,,,,,122033,,ç—tŒ§sìs”ª”¦3’š–Ú2-1,ç—tŒ§,sìs,”ª”¦3’š–Ú,2-1,,35.72407,139.9278056,,,,,,,,,https://www.keisei.co.jp/,,,
122033,,sìs,‹¬“d“S‘•{‘ä‰w,¹²¾²ÃŞİÃÂº³ÉÀŞ²´·,,,,,122033,,ç—tŒ§sìssì3’š–Ú30-1,ç—tŒ§,sìs,sì3’š–Ú,30-1,,35.73646,139.9023461,,,,,,,,,https://www.keisei.co.jp/,,,
122033,,sìs,‹¬“d“S›–ì‰w,¹²¾²ÃŞİÃÂ½¶ŞÉ´·,,,,,122033,,ç—tŒ§sìs›–ì2’š–Ú7-1,ç—tŒ§,sìs,›–ì2’š–Ú,7-1,,35.72835,139.9193056,,,,,,,,,https://www.keisei.co.jp/,,,
122033,,sìs,ƒ[ƒ\ƒ“sì‘å–ì’¬O’š–Ú“X,Û°¿İ²Á¶ÜµµÉÏÁ»İÁ®³ÒÃİ,,,,,122033,,ç—tŒ§sìs‘å–ì’¬3’š–Ú2058,ç—tŒ§,sìs,‘å–ì’¬3’š–Ú,2058,,35.74825,139.95753,,,,,,,,,https://www.lawson.co.jp/index.html,,,
122033,,sìs,ƒ[ƒ\ƒ“sì“cK“X,Û°¿İ²Á¶ÜÀ¼ŞØÃİ,,,,,122033,,ç—tŒ§sìs“cK1027-1,ç—tŒ§,sìs,“cK,1027-1,,35.68415,139.9490373,,,,,,,,,https://www.lawson.co.jp/index.html,,,
122033,,sìs,ƒ[ƒ\ƒ“sì–­“T“X,Û°¿İ²Á¶ÜĞ®³ÃŞİÃİ,,,,,122033,,ç—tŒ§sìs–­“T3’š–Ú13-22,ç—tŒ§,sìs,–­“T3’š–Ú,13-22,,35.69354,139.9237933,,,,,,,,,https://www.lawson.co.jp/index.html,,,
122033,,sìs,ƒ[ƒ\ƒ“”ˆä’¬l’š–Ú“X,Û°¿İ¶¼Ü²ÏÁÖİÁ®³ÒÃİ,,,,,122033,,ç—tŒ§sìs”ˆä’¬4’š–Ú365-1,ç—tŒ§,sìs,”ˆä’¬4’š–Ú,365-1,,35.75186,139.9706731,,,,,,,,,https://www.lawson.co.jp/index.html,,,
122033,,sìs,ƒ[ƒ\ƒ“‘•{‘ä‰w‘O“X,Û°¿İº³ÉÀŞ²´·Ï´Ãİ,,,,,122033,,ç—tŒ§sìssì3’š–Ú26-13-101,ç—tŒ§,sìs,sì3’š–Ú,26-13-101,,35.73673,139.9024714,,,,,,,,,https://www.lawson.co.jp/index.html,,,
122033,,sìs,ƒ[ƒ\ƒ“›–ìŒÜ’š–Ú“X,Û°¿İ½¶ŞÉºŞÁ®³ÒÃİ,,,,,122033,,ç—tŒ§sìs›–ì5’š–Ú10-1,ç—tŒ§,sìs,›–ì5’š–Ú,10-1,,35.73327,139.9241033,,,,,,,,,https://www.lawson.co.jp/index.html,,,
122033,,sìs,sìs•¶‰»‰ïŠÙ,²Á¶Ü¼ÌŞİ¶¶²¶İ,,,,,122033,,ç—tŒ§sìs‘å˜a“c1’š–Ú1-5,ç—tŒ§,sìs,‘å˜a“c1’š–Ú,1-5,,35.71662,139.9212234,,,,,,,,,https://www.tekona.net/bunkakaikan/index.php,,,
122033,,sìs,s“¿•¶‰»ƒz[ƒ‹I•I,·Ş®³Ä¸ÌŞİ¶Î°Ù±²±²,,,,,122033,,ç—tŒ§sìs––L1’š–Ú1-48,ç—tŒ§,sìs,––L1’š–Ú,1-48,,35.68615,139.9165606,,,,,,,,,https://www.tekona.net/gyotoku/index.php,,,
122033,,sìs,–FàVƒK[ƒfƒ“ƒMƒƒƒ‰ƒŠ[,Ö¼»ŞÜ¶Ş°ÃŞİ·Ş¬×Ø°,,,,,122033,,ç—tŒ§sìs^ŠÔ5’š–Ú1-18,ç—tŒ§,sìs,^ŠÔ5’š–Ú,1-18,,35.73985,139.9114533,,,,,,,,,https://www.tekona.net/yoshizawa/index.php,,,
122033,,sìs,“Œ‹ƒxƒCE‰YˆÀsìˆã—ÃƒZƒ“ƒ^[,Ä³·®³ÍŞ²³×Ô½²Á¶Ü²Ø®³¾İÀ°,,,,,122033,,ç—tŒ§‰YˆÀs“–‘ã“‡3’š–Ú4-32,ç—tŒ§,‰YˆÀs,“–‘ã“‡3’š–Ú,4-32,,35.67138,139.89366,,,,,,,,,https://www.tokyobay-mc.jp/html/index.html,,,
122033,,sìs,“Œ‹ƒƒgƒ“Œ¼üs“¿‰w,Ä³·®³ÒÄÛÄ³»Ş²¾İ·Ş®³Ä¸´·,,,,,122033,,ç—tŒ§sìss“¿‰w‘O2’š–Ú4-1,ç—tŒ§,sìs,s“¿‰w‘O2’š–Ú,4-1,,35.68254,139.9140931,,,,,,,,,https://www.tokyometro.jp/,,,
122033,,sìs,“Œ‹ƒƒgƒ“Œ¼üŒ´–Ø’†R‰w,Ä³·®³ÒÄÛÄ³»Ş²¾İÊŞ×·Å¶ÔÏ´·,,,,,122033,,ç—tŒ§‘D‹´s–{’†R7’š–Ú7-1,ç—tŒ§,‘D‹´s,–{’†R7’š–Ú,7-1,,35.70333,139.94188,,,,,,,,,https://www.tokyometro.jp/,,,
122033,,sìs,“Œ‹ƒƒgƒ“Œ¼ü“ìs“¿‰w,Ä³·®³ÒÄÛÄ³»Ş²¾İĞÅĞ·Ş®³Ä¸´·,,,,,122033,,ç—tŒ§sìs‘Š”Vì4’š–Ú17-1,ç—tŒ§,sìs,‘Š”Vì4’š–Ú,17-1,,35.67267,139.9023306,,,,,,,,,https://www.tokyometro.jp/,,,
122033,,sìs,“Œ‹ƒƒgƒ“Œ¼ü–­“T‰w,Ä³·®³ÒÄÛÄ³»Ş²¾İĞ®³ÃŞİ´·,,,,,122033,,ç—tŒ§sìs•x•l1’š–Ú2-10,ç—tŒ§,sìs,•x•l1’š–Ú,2-10,,35.69159,139.9250034,,,,,,,,,https://www.tokyometro.jp/,,,
122033,,sìs,s“¿}‘ŠÙ,·Ş®³Ä¸Ä¼®¶İ,,,,,122033,,ç—tŒ§sìs––L1’š–Ú1-31,ç—tŒ§,sìs,––L1’š–Ú,1-31,,35.68528,139.9167364,,,,,,,,,https://www.city.ichikawa.lg.jp/library/guide/1002.html,,,
122033,,sìs,“ìs“¿}‘ŠÙ,ĞÅĞ·Ş®³Ä¸Ä¼®¶İ,,,,,122033,,ç—tŒ§sìs‘Š”Vì1’š–Ú2-4,ç—tŒ§,sìs,‘Š”Vì1’š–Ú,2-4,,35.68088,139.8999173,,,,,,,,,https://www.city.ichikawa.lg.jp/library/guide/1003.html,,,
122033,,sìs,M“Ä}‘ŠÙ,¼İÄ¸Ä¼®¶İ,,,,,122033,,ç—tŒ§sìs‚’J1’š–Ú8-1,ç—tŒ§,sìs,‚’J1’š–Ú,8-1,,35.70209,139.9417175,,,,,,,,,https://www.city.ichikawa.lg.jp/library/guide/1007.html,,,
122033,,sìs,–k‘ü‘å’¬‰w,Î¸¿³¾İ³µµÏÁ´·,,,,,122033,,ç—tŒ§sìs‘å’¬175,ç—tŒ§,sìs,‘å’¬,175,,35.77514,139.9729739,,,,,,,,,https://www.hokuso-railway.co.jp/railway/station/oomachi.html,,,
122033,,sìs,–k‘ü–k‘•ª‰w,Î¸¿³¾İ·Àº¸ÌŞİ´·,,,,,122033,,ç—tŒ§sìs–x”V“à3’š–Ú21-1,ç—tŒ§,sìs,–x”V“à3’š–Ú,21-1,,35.76288,139.9135561,,,,,,,,,https://www.hokuso-railway.co.jp/railway/station/kitakokubun.html,,,
122033,,sìs,–k‘ü¼”ò‘ä‰w,Î¸¿³¾İÏÂËÀŞ²´·,,,,,122033,,ç—tŒ§¼ŒËs†•~1’š–Ú29-5,ç—tŒ§,¼ŒËs,†•~1’š–Ú,29-5,,35.77533,139.95761,,,,,,,,,https://www.hokuso-railway.co.jp/railway/station/matsuhidai.html,,,
122033,,sìs,–k‘ü–îØ‰w,Î¸¿³¾İÔ·ŞØ´·,,,,,122033,,ç—tŒ§¼ŒËs‰º–îØ120,ç—tŒ§,¼ŒËs,‰º–îØ,120,,35.75731,139.89968,,,,,,,,,https://www.hokuso-railway.co.jp/railway/station/yagiri.html,,,
122033,,sìs,“s‰c’n‰º“S–{”ª”¦‰w,Ä´²Á¶ÃÂÓÄÔÜÀ´·,,,,,122033,,ç—tŒ§sìs”ª”¦2’š–Ú16-13,ç—tŒ§,sìs,”ª”¦2’š–Ú,16-13,,35.72205,139.9260486,,,,,,,,,https://www.kotsu.metro.tokyo.jp/subway/stations/motoyawata.html,,,
122033,,sìs,sìŒx@,²Á¶Ü¹²»Â¼®,,,,,122033,,ç—tŒ§sìs‹S‚4’š–Ú4-1,ç—tŒ§,sìs,‹S‚4’š–Ú,4-1,,35.71111,139.9291747,,,,,,,,,https://www.police.pref.chiba.jp/police_department/ichikawa/index.html,,,
122033,,sìs,–kÁ–h,·À¼®³ÎŞ³¼®,,,,,122033,,ç—tŒ§sìs‘å–ì’¬4’š–Ú2163-1,ç—tŒ§,sìs,‘å–ì’¬4’š–Ú,2163-1,,35.75096,139.9602674,,,,,,,,,https://www.city.ichikawa.lg.jp/fir01/1111000035.html,,,
122033,,sìs,s“¿Œx@,·Ş®³Ä¸¹²»Â¼®,,,,,122033,,ç—tŒ§sìs‰–•l3’š–Ú10-18,ç—tŒ§,sìs,‰–•l3’š–Ú,10-18,,35.66762,139.923202,,,,,,,,,https://www.police.pref.chiba.jp/police_department/gyotoku/index.html,,,
122033,,sìs,Œö‹¤E‹ÆˆÀ’èŠiƒnƒ[ƒ[ƒNsìj,º³·®³¼®¸·Ş®³±İÃ²¼Ş®(ÊÛ°Ü°¸²Á¶Ü),,,,,122033,,ç—tŒ§sìs“ì”ª”¦5’š–Ú11-21,ç—tŒ§,sìs,“ì”ª”¦5’š–Ú,11-21,,35.72003,139.923631,,,,,,,,,https://www.hellowork.go.jp/,,,
122033,,sìs,ƒ[ƒ\ƒ“sìŒ´–ØM“Ä¬ŠwZ‘O“X,Û°¿İ²Á¶ÜÊŞ×·¼İÄ¸¼®³¶Ş¯º³Ï´Ãİ,,,,,122033,,ç—tŒ§sìsŒ´–Ø2’š–Ú15-45,ç—tŒ§,sìs,Œ´–Ø2’š–Ú,15-45,,35.69784,139.9427,,,,,,,,,https://www.lawson.co.jp/index.html,,,
122033,,sìs,ƒt[ƒhƒXƒNƒGƒAƒJƒXƒ~@–{”ª”¦“X,Ì°ÄŞ½¸´±¶½Ğ ÓÄÔÜÀÃİ,,,,,122033,,ç—tŒ§sìs”ª”¦3’š–Ú3-3,ç—tŒ§,sìs,”ª”¦3’š–Ú,3-3,,35.72368,139.927424,,,,,,,,,https://www.kasumi.co.jp/index.html,,,
122033,,sìs,‘S“úŒxƒz[ƒ‹,¾ŞİÆ¯¹²Î°Ù,,,,,122033,,ç—tŒ§sìs”ª”¦4’š–Ú2-1,ç—tŒ§,sìs,”ª”¦4’š–Ú,2-1,,35.72354,139.931028,,,,,,,,,https://www.city.ichikawa.lg.jp/cul01/1111000075.html,,,
122033,,sìs,•¶Šwƒ~ƒ…[ƒWƒAƒ€,ÌŞİ¶Ş¸Ğ­°¼Ş±Ñ,,,,,122033,,ç—tŒ§sìs‹S‚1’š–Ú1-4,ç—tŒ§,sìs,‹S‚1’š–Ú,1-4,,35.71599,139.9321536,,,,,,,,,https://www.city.ichikawa.lg.jp/cul06/litera.html,,,
122033,,sìs,˜Vl•ŸƒƒZƒ“ƒ^[,ƒƒEƒWƒ“ƒtƒNƒVƒZƒ“ƒ^[,,,,,122033,,ç—tŒ§sìs‘åF4’š–Ú18-3,ç—tŒ§,sìs,‘åF4’š–Ú,18-3,,35.72275,139.9064295,,,,,,,,,https://www.city.ichikawa.lg.jp/wel01/1111000004.html,,,
122033,,sìs,ƒ†ƒjƒfƒB@›–ì“X,ÕÆÃŞ¨½¶ŞÉÃİ,,,,,122033,,ç—tŒ§sìs›–ì6’š–Ú7-1,ç—tŒ§,sìs,›–ì6’š–Ú,7-1,,35.73297,139.91909,,,,,,,,,https://www.uniliv.co.jp/shop/detail/37,,,
122033,,sìs,ƒ†ƒjƒfƒB@ç’¹’¬“X,ÕÆÃŞ¨ÁÄŞØÁ®³Ãİ,,,,,122033,,ç—tŒ§sìsç’¹’¬1,ç—tŒ§,sìs,ç’¹’¬,1,,35.67443,139.92534,,,,,,,,,https://www.uniliv.co.jp/shop/detail/36,,,
122033,,sìs,ç—t‹âs@sìx“X,ÁÊŞ·Şİº³²Á¶Ü¼Ãİ,,,,,122033,,ç—tŒ§sìssì1’š–Ú7-12,ç—tŒ§,sìs,sì1’š–Ú,7-12,,35.73006,139.90815,,,,,,,,,https://sasp.mapion.co.jp/b/chibabank/info/0011/,,,
122033,,sìs,ç—t‹»‹Æ‹âs@”ª”¦x“X,ÁÊŞº³·Ş®³·Şİº³ÔÜÀ¼Ãİ,,,,,122033,,ç—tŒ§sìs”ª”¦4’š–Ú4-10,ç—tŒ§,sìs,”ª”¦4’š–Ú,4-10,,35.72419,139.92922,,,,,,,,,https://as.chizumaru.com/chibakogyo/detailMap?account=chibakogyo&accmd=0&adr=12203&x=503763.232&y=128586.733&bid=C-320&pgret=1&lscl=9999&lrot=0,,,
122033,,sìs,ƒjƒbƒPƒRƒ‹ƒgƒ“ƒvƒ‰ƒU,Æ¯¹ºÙÄİÌß×»Ş,,,,,122033,,ç—tŒ§sìs‹S‚1’š–Ú1-1,ç—tŒ§,sìs,‹S‚1’š–Ú,1-1,,35.71652,139.93449,,,,,,,,,https://www.nikke-cp.gr.jp/,,,
122033,,sìs,ƒGƒREƒsƒA@”ª”¦“X,´ºËß± ÔÜÀÃİ,,,,,122033,,ç—tŒ§sìs”ª”¦6’š–Ú3-21,ç—tŒ§,sìs,”ª”¦6’š–Ú,3-21,,35.72797,139.93401,,,,,,,,,https://www.ecopeer.jp/tempo/,,,
122033,,sìs,‚³‚©‚¦E‚±‚Ç‚àƒZƒ“ƒ^[,»¶´ºÄŞÓ¾İÀ°,,,,,122033,,ç—tŒ§sìs–k‘•ª4’š–Ú10-3,ç—tŒ§,sìs,–k‘•ª4’š–Ú,10-3,,35.76321,139.90791,,,,,,,,,http://genki365.net/gnki06/mypage/index.php?gid=G0000012,,,
122033,,sìs,‚±‚ ‚ç‚Á‚±E‚±‚Ç‚àƒZƒ“ƒ^[,º±×¯ººÄŞÓ¾İÀ°,,,,,122033,,ç—tŒ§sìs‘•{‘ä2’š–Ú9-13,ç—tŒ§,sìs,‘•{‘ä2’š–Ú,9-13,,35.74637,139.90061,,,,,,,,,http://genki365.net/gnki06/mypage/index.php?gid=G0000013@,,,
122033,,sìs,ƒV[ƒKƒ‹E‚±‚Ç‚àƒZƒ“ƒ^[,¼°¶ŞÙºÄŞÓ¾İÀ°,,,,,122033,,ç—tŒ§sìsK2’š–Ú8-17,ç—tŒ§,sìs,K2’š–Ú,8-17,,35.67892,139.92618,,,,,,,,,http://genki365.net/gnki06/mypage/index.php?gid=G0000022,,,
122033,,sìs,–­“T•Ûˆç‰€’nˆæqˆç‚ÄƒZƒ“ƒ^[,Ğ®³ÃŞİÎ²¸´İÁ²·º¿ÀŞÃ¾İÀ°,,,,,122033,,ç—tŒ§sìs–­“T6’š–Ú2-45,ç—tŒ§,sìs,–­“T6’š–Ú,2-45,,35.69549,139.93056,,,,,,,,,https://genki365.net/gnki06/mypage/index.php?gid=G0000018,,,
122033,,sìs,‚í‚½‚®‚àE‚±‚Ç‚àƒZƒ“ƒ^[,ÜÀ¸ŞÓºÄŞÓ¾İÀ°,,,,,122033,,ç—tŒ§sìsŒ´–Ø2’š–Ú10-13,ç—tŒ§,sìs,Œ´–Ø2’š–Ú,10-13,,35.70064,139.94663,,,,,,,,,http://genki365.net/gnki06/mypage/index.php?gid=G0000019,,,
122033,,sìs,ƒ`ƒFƒŠ[ƒYE‚±‚Ç‚àƒZƒ“ƒ^[,ÁªØ°½ŞºÄŞÓ¾İÀ°,,,,,122033,,ç—tŒ§sìssì“ì2’š–Ú6-22,ç—tŒ§,sìs,sì“ì2’š–Ú,6-22,,35.72333,139.90484,,,,,,,,,http://genki365.net/gnki06/mypage/index.php?gid=G0000016,,,
122033,,sìs,ƒLƒbƒhEƒXƒeƒC‚±‚Ç‚àƒZƒ“ƒ^[,·¯ÄŞ½Ã²ºÄŞÓ¾İÀ°,,,,,122033,,ç—tŒ§sìsæ2’š–Ú19-10“Œ¼ü‚‰Ë‰º,ç—tŒ§,sìs,æ2’š–Ú,19-10,“Œ¼ü‚‰Ë‰º,35.67863,139.90938,,,,,,,,,http://genki365.net/gnki06/mypage/index.php?gid=G0000021,,,
122033,,sìs,CMS‚¢‚¿‚©‚íƒLƒbƒYqˆç‚Äx‰‡ƒZƒ“ƒ^[,¼°´Ñ´½²Á¶Ü·¯½Şº¿ÀŞÃ¼´İ¾İÀ°,,,,,122033,,ç—tŒ§sìssì“ì1’š–Ú10-1ƒUEƒ^ƒ[ƒYEƒEƒGƒXƒg3ŠK,ç—tŒ§,sìs,sì“ì1’š–Ú,10-1,ƒUEƒ^ƒ[ƒYEƒEƒGƒXƒg3ŠK,35.72911,139.90641,,,,,,,,,http://genki365.net/gnki06/mypage/index.php?gid=G0000015,,,
122033,,sìs,º˜aŠw‰@‚à‚±‚à‚±E‚±‚Ç‚àƒZƒ“ƒ^[,¼®³Ü¶Ş¸²İÓºÓººÄŞÓ¾İÀ°,,,,,122033,,ç—tŒ§sìs“Œ›–ì2’š–Ú17-1,ç—tŒ§,sìs,“Œ›–ì2’š–Ú,17-1,,35.73471,139.93038,,,,,,,,,http://genki365.net/gnki06/mypage/index.php?gid=G0000017,,,
122033,,sìs,CMSsì‘å–ìqˆç‚Äx‰‡ƒZƒ“ƒ^[,¼°´Ñ´½²Á¶ÜµµÉº¿ÀŞÃ¼´İ¾İÀ°,,,,,122033,,ç—tŒ§sìs‘å–ì’¬3’š–Ú1438-1,ç—tŒ§,sìs,‘å–ì’¬3’š–Ú,1438-1,,35.75561,139.95121,,,,,,,,,http://genki365.net/gnki06/mypage/index.php?gid=G0000014,,,
122033,,sìs,‚İ‚Ç‚è‚æ‚¤‚¿‚¦‚ñƒxƒCƒr[ƒZƒ“ƒ^[,ĞÄŞØÖ³Á´İÍŞ²ËŞ°¾İÀ°,,,,,122033,,ç—tŒ§sìs’†R3’š–Ú10-4,ç—tŒ§,sìs,’†R3’š–Ú,10-4,,35.71965,139.94957,,,,,,,,,http://genki365.net/gnki06/mypage/index.php?gid=G0000052,,,
122033,,sìs,sì—X•Ö‹Ç,²Á¶ÜÕ³ËŞİ·®¸,,,,,122033,,ç—tŒ§sìs•½“c2’š–Ú1-1,ç—tŒ§,sìs,•½“c2’š–Ú,1-1,,35.72521,139.92184,,,,,,,,,https://www.post.japanpost.jp/office_search/,,,
122033,,sìs,sìO–{¼—X•Ö‹Ç,²Á¶Ü»İÎŞİÏÂÕ³ËŞİ·®¸,,,,,122033,,ç—tŒ§sìssì1’š–Ú3-20,ç—tŒ§,sìs,sì1’š–Ú,3-20,,35.72971,139.91005,,,,,,,,,https://www.post.japanpost.jp/office_search/,,,
122033,,sìs,sì‘åF—X•Ö‹Ç,²Á¶Üµµ½Õ³ËŞİ·®¸,,,,,122033,,ç—tŒ§sìs‘åF2’š–Ú7-14,ç—tŒ§,sìs,‘åF2’š–Ú,7-14,,35.71663,139.91171,,,,,,,,,https://www.post.japanpost.jp/office_search/,,,
122033,,sìs,sì‘•{‘ä—X•Ö‹Ç,²Á¶Üº³ÉÀŞ²Õ³ËŞİ·®¸,,,,,122033,,ç—tŒ§sìs‘•{‘ä4’š–Ú4-9,ç—tŒ§,sìs,‘•{‘ä4’š–Ú,4-9,,35.75062,139.90261,,,,,,,,,https://www.post.japanpost.jp/office_search/,,,
122033,,sìs,sì‘•ª—X•Ö‹Ç,²Á¶Üº¸ÌŞİÕ³ËŞİ·®¸,,,,,122033,,ç—tŒ§sìs‘•ª6’š–Ú2-1,ç—tŒ§,sìs,‘•ª6’š–Ú,2-1,,35.74519,139.92003,,,,,,,,,https://www.post.japanpost.jp/office_search/,,,
122033,,sìs,sìV“c—X•Ö‹Ç,²Á¶Ü¼İÃŞİÕ³ËŞİ·®¸,,,,,122033,,ç—tŒ§sìsV“c2’š–Ú12-17,ç—tŒ§,sìs,V“c2’š–Ú,12-17,,35.72492,139.91517,,,,,,,,,https://www.post.japanpost.jp/office_search/,,,
122033,,sìs,sì{˜a“c—X•Ö‹Ç,²Á¶Ü½ÜÀŞÕ³ËŞİ·®¸,,,,,122033,,ç—tŒ§sìs{˜a“c1’š–Ú11-2,ç—tŒ§,sìs,{˜a“c1’š–Ú,11-2,,35.73652,139.92388,,,,,,,,,https://www.post.japanpost.jp/office_search/,,,
122033,,sìs,sì‘]’J—X•Ö‹Ç,²Á¶Ü¿ÔÕ³ËŞİ·®¸,,,,,122033,,ç—tŒ§sìs‘]’J2’š–Ú3-3,ç—tŒ§,sìs,‘]’J2’š–Ú,3-3,,35.74521,139.93699,,,,,,,,,https://www.post.japanpost.jp/office_search/,,,
122033,,sìs,sì‘]’J–k—X•Ö‹Ç,²Á¶Ü¿Ô·ÀÕ³ËŞİ·®¸,,,,,122033,,ç—tŒ§sìs‘]’J5’š–Ú26-15,ç—tŒ§,sìs,‘]’J5’š–Ú,26-15,,35.74932,139.92619,,,,,,,,,https://www.post.japanpost.jp/office_search/,,,
122033,,sìs,sì’†‘•ª—X•Ö‹Ç,²Á¶ÜÅ¶º¸ÌŞİÕ³ËŞİ·®¸,,,,,122033,,ç—tŒ§sìs’†‘•ª2’š–Ú21-20,ç—tŒ§,sìs,’†‘•ª2’š–Ú,21-20,,35.75135,139.91357,,,,,,,,,https://www.post.japanpost.jp/office_search/,,,
122033,,sìs,sìL¬˜H—X•Ö‹Ç,²Á¶ÜËÛº³¼ŞÕ³ËŞİ·®¸,,,,,122033,,ç—tŒ§sìssì2’š–Ú11-13,ç—tŒ§,sìs,sì2’š–Ú,11-13,,35.73204,139.90246,,,,,,,,,https://www.post.japanpost.jp/office_search/,,,
122033,,sìs,sì^ŠÔ—X•Ö‹Ç,²Á¶ÜÏÏÕ³ËŞİ·®¸,,,,,122033,,ç—tŒ§sìs^ŠÔ2’š–Ú24-18,ç—tŒ§,sìs,^ŠÔ2’š–Ú,24-18,,35.73667,139.90757,,,,,,,,,https://www.post.japanpost.jp/office_search/,,,
122033,,sìs,sì“ìO—X•Ö‹Ç,²Á¶ÜĞÅĞ»İÕ³ËŞİ·®¸,,,,,122033,,ç—tŒ§sìssì“ì3’š–Ú2-2,ç—tŒ§,sìs,sì“ì3’š–Ú,2-2,,35.72798,139.90466,,,,,,,,,https://www.post.japanpost.jp/office_search/,,,
122033,,sìs,sì“ì”ª”¦—X•Ö‹Ç,²Á¶ÜĞÅĞÔÜÀÕ³ËŞİ·®¸,,,,,122033,,ç—tŒ§sìs“ì”ª”¦4’š–Ú6-10,ç—tŒ§,sìs,“ì”ª”¦4’š–Ú,6-10,,35.71962,139.92592,,,,,,,,,https://www.post.japanpost.jp/office_search/,,,
122033,,sìs,–k‘•ª‰w‘O—X•Ö‹Ç,·Àº¸ÌŞİ´·Ï´Õ³ËŞİ·®¸,,,,,122033,,ç—tŒ§sìs–x”V“à3’š–Ú19-22,ç—tŒ§,sìs,–x”V“à3’š–Ú,19-22,,35.76294,139.91513,,,,,,,,,https://www.post.japanpost.jp/office_search/,,,
122033,,sìs,›–ì—X•Ö‹Ç,½¶ŞÉÕ³ËŞİ·®¸,,,,,122033,,ç—tŒ§sìs›–ì6’š–Ú12-5,ç—tŒ§,sìs,›–ì6’š–Ú,12-5,,35.73299,139.91761,,,,,,,,,https://www.post.japanpost.jp/office_search/,,,
122033,,sìs,–k”ª”¦—X•Ö‹Ç,·ÀÔÜÀÕ³ËŞİ·®¸,,,,,122033,,ç—tŒ§sìs”ª”¦1’š–Ú16-5,ç—tŒ§,sìs,”ª”¦1’š–Ú,16-5,,35.72122,139.93131,,,,,,,,,https://www.post.japanpost.jp/office_search/,,,
122033,,sìs,sìˆî‰×–Ø—X•Ö‹Ç,²Á¶ÜÄ³¶·ŞÕ³ËŞİ·®¸,,,,,122033,,ç—tŒ§sìsˆî‰×–Ø1’š–Ú11-18,ç—tŒ§,sìs,ˆî‰×–Ø1’š–Ú,11-18,,35.71232,139.91948,,,,,,,,,https://www.post.japanpost.jp/office_search/,,,
122033,,sìs,sì‘å–ì—X•Ö‹Ç,²Á¶ÜµµÉÕ³ËŞİ·®¸,,,,,122033,,ç—tŒ§sìs‘å–ì’¬3’š–Ú1793,ç—tŒ§,sìs,‘å–ì’¬3’š–Ú,1793,,35.75566,139.95476,,,,,,,,,https://www.post.japanpost.jp/office_search/,,,
122033,,sìs,sì‹S‰z—X•Ö‹Ç,²Á¶ÜµÆºŞ´Õ³ËŞİ·®¸,,,,,122033,,ç—tŒ§sìs‹S‰z2’š–Ú5-5,ç—tŒ§,sìs,‹S‰z2’š–Ú,5-5,,35.71821,139.93783,,,,,,,,,https://www.post.japanpost.jp/office_search/,,,
122033,,sìs,sì–k•û—X•Ö‹Ç,²Á¶Ü·À¶ÀÕ³ËŞİ·®¸,,,,,122033,,ç—tŒ§sìs–k•û2’š–Ú12-5,ç—tŒ§,sìs,–k•û2’š–Ú,12-5,,35.72371,139.93921,,,,,,,,,https://www.post.japanpost.jp/office_search/,,,
122033,,sìs,sìŒ´–Ø—X•Ö‹Ç,²Á¶ÜÊŞ×·Õ³ËŞİ·®¸,,,,,122033,,ç—tŒ§sìsŒ´–Ø1’š–Ú19-21,ç—tŒ§,sìs,Œ´–Ø1’š–Ú,19-21,,35.70182,139.94327,,,,,,,,,https://www.post.japanpost.jp/office_search/,,,
122033,,sìs,sì“Œ›–ì—X•Ö‹Ç,²Á¶ÜË¶Ş¼½¶ŞÉÕ³ËŞİ·®¸,,,,,122033,,ç—tŒ§sìs“Œ›–ì3’š–Ú1-29,ç—tŒ§,sìs,“Œ›–ì3’š–Ú,1-29,,35.72996,139.92959,,,,,,,,,https://www.post.japanpost.jp/office_search/,,,
122033,,sìs,sì“ñ–“—X•Ö‹Ç,²Á¶ÜÌÀÏÀÕ³ËŞİ·®¸,,,,,122033,,ç—tŒ§sìsŒ´–Ø4’š–Ú16-13,ç—tŒ§,sìs,Œ´–Ø4’š–Ú,16-13,,35.69956,139.95449,,,,,,,,,https://www.post.japanpost.jp/office_search/,,,
122033,,sìs,sì“ì‘å–ì—X•Ö‹Ç,²Á¶ÜĞÅĞµµÉÕ³ËŞİ·®¸,,,,,122033,,ç—tŒ§sìs“ì‘å–ì1’š–Ú25-20,ç—tŒ§,sìs,“ì‘å–ì1’š–Ú,25-20,,35.74323,139.95073,,,,,,,,,https://www.post.japanpost.jp/office_search/,,,
122033,,sìs,sì‹{‹v•Û—X•Ö‹Ç,²Á¶ÜĞÔ¸ÎŞÕ³ËŞİ·®¸,,,,,122033,,ç—tŒ§sìs‹{‹v•Û3’š–Ú14-7,ç—tŒ§,sìs,‹{‹v•Û3’š–Ú,14-7,,35.73493,139.93638,,,,,,,,,https://www.post.japanpost.jp/office_search/,,,
122033,,sìs,sì–{–k•û—X•Ö‹Ç,²Á¶ÜÓÄ·À¶ÀÕ³ËŞİ·®¸,,,,,122033,,ç—tŒ§sìs–{–k•û1’š–Ú35-6,ç—tŒ§,sìs,–{–k•û1’š–Ú,35-6,,35.72894,139.94369,,,,,,,,,https://www.post.japanpost.jp/office_search/,,,
122033,,sìs,sìá‹{—X•Ö‹Ç,²Á¶ÜÜ¶ĞÔÕ³ËŞİ·®¸,,,,,122033,,ç—tŒ§sìsá‹{3’š–Ú19-17,ç—tŒ§,sìs,á‹{3’š–Ú,19-17,,35.72457,139.95291,,,,,,,,,https://www.post.japanpost.jp/office_search/,,,
122033,,sìs,s“¿—X•Ö‹Ç,·Ş®³Ä¸Õ³ËŞİ·®¸,,,,,122033,,ç—tŒ§sìsæ2’š–Ú1-16,ç—tŒ§,sìs,æ2’š–Ú,1-16,,35.68059,139.90679,,,,,,,,,https://www.post.japanpost.jp/office_search/,,,
122033,,sìs,sìVˆä—X•Ö‹Ç,²Á¶Ü±×²Õ³ËŞİ·®¸,,,,,122033,,ç—tŒ§sìsVˆä1’š–Ú6-12,ç—tŒ§,sìs,Vˆä1’š–Ú,6-12,,35.67621,139.89242,,,,,,,,,https://www.post.japanpost.jp/office_search/,,,
122033,,sìs,sìK—X•Ö‹Ç,²Á¶Ü»²Ü²Õ³ËŞİ·®¸,,,,,122033,,ç—tŒ§sìsK2’š–Ú9-19,ç—tŒ§,sìs,K2’š–Ú,9-19,,35.67931,139.92532,,,,,,,,,https://www.post.japanpost.jp/office_search/,,,
122033,,sìs,sì‰–•l—X•Ö‹Ç,²Á¶Ü¼µÊÏÕ³ËŞİ·®¸,,,,,122033,,ç—tŒ§sìs‰–•l4’š–Ú2-3-104,ç—tŒ§,sìs,‰–•l4’š–Ú,2-3-104,,35.66213,139.91347,,,,,,,,,https://www.post.japanpost.jp/office_search/,,,
122033,,sìs,sì‰–Ä—X•Ö‹Ç,²Á¶Ü¼µÔ·Õ³ËŞİ·®¸,,,,,122033,,ç—tŒ§sìs‰–Ä2’š–Ú3-29,ç—tŒ§,sìs,‰–Ä2’š–Ú,3-29,,35.68617,139.92504,,,,,,,,,https://www.post.japanpost.jp/office_search/,,,
122033,,sìs,sì•x•l—X•Ö‹Ç,²Á¶ÜÄĞÊÏÕ³ËŞİ·®¸,,,,,122033,,ç—tŒ§sìs•x•l2’š–Ú3-28,ç—tŒ§,sìs,•x•l2’š–Ú,3-28,,35.69009,139.92204,,,,,,,,,https://www.post.japanpost.jp/office_search/,,,
122033,,sìs,s“¿‰w‘OO—X•Ö‹Ç,·Ş®³Ä¸´·Ï´»İÕ³ËŞİ·®¸,,,,,122033,,ç—tŒ§sìss“¿‰w‘O3’š–Ú7-26,ç—tŒ§,sìs,s“¿‰w‘O3’š–Ú,7-26,,35.68122,139.91717,,,,,,,,,https://www.post.japanpost.jp/office_search/,,,
122033,,sìs,s“¿‰w‘Ol—X•Ö‹Ç,·Ş®³Ä¸´·Ï´ÖİÕ³ËŞİ·®¸,,,,,122033,,ç—tŒ§sìss“¿‰w‘O4’š–Ú27-16,ç—tŒ§,sìs,s“¿‰w‘O4’š–Ú,27-16,,35.67547,139.91479,,,,,,,,,https://www.post.japanpost.jp/office_search/,,,
122033,,sìs,“ìs“¿‰w‘O—X•Ö‹Ç,ĞÅĞ·Ş®³Ä¸´·Ï´Õ³ËŞİ·®¸,,,,,122033,,ç—tŒ§sìs“ìs“¿1’š–Ú16-21,ç—tŒ§,sìs,“ìs“¿1’š–Ú,16-21,,35.67183,139.90309,,,,,,,,,https://www.post.japanpost.jp/office_search/,,,
