‘S‘’n•ûŒö‹¤’c‘ÌƒR[ƒh,ID,’n•ûŒö‹¤’c‘Ì–¼,–¼Ì,–¼Ì_ƒJƒi,–¼Ì_‰pš,–¼Ì_’ÊÌ,ŠO•”¯•Êq,ŠO•”¯•Êq‚Ì’l,Šİ’n_‘S‘’n•ûŒö‹¤’c‘ÌƒR[ƒh,’¬šID,Šİ’n_˜AŒ‹•\‹L,Šİ’n_“s“¹•{Œ§,Šİ’n_s‹æ’¬‘º,Šİ’n_’¬š,Šİ’n_”Ô’nˆÈ‰º,’næ,Œš•¨–¼“™(•û‘),ˆÜ“x,Œo“x,‚“x‚Ìí•Ê,‚“x‚Ì’l,“d˜b”Ô†,“àü”Ô†,˜A—æƒ[ƒ‹ƒAƒhƒŒƒX,˜A—æFormURL,˜A—æ”õli‚»‚Ì‘¼ASNS‚È‚Çj,—X•Ö”Ô†,URL,‰æ‘œ,‰æ‘œ_ƒ‰ƒCƒZƒ“ƒX,”õl
122033,,sìs,ŠX“ª–h”ÆƒJƒƒ‰21A22,"¶Ş²Ä³ÎŞ³Êİ¶Ò×21,22",,,,,122033,,ç—tŒ§sìssì2’š–Ú31-20 ,ç—tŒ§,sìs,sì2’š–Ú,31-20 ,,ƒGƒXƒ|ƒ[ƒ‹sìi‚Q‘äj,35.73185306,139.906921,,,,,,,,,https://www.city.ichikawa.lg.jp/res04/1421000001.html,,,
122033,,sìs,ŠX“ª–h”ÆƒJƒƒ‰25A26A27A28,¶Ş²Ä³ÎŞ³Êİ¶Ò×25A26A27A28,,,,,122033,,ç—tŒ§sìs^ŠÔ1’š–Ú12-4 ,ç—tŒ§,sìs,^ŠÔ1’š–Ú,12-4 ,,sìƒZƒ“ƒ^[ƒrƒ‹i‚S‘äj,35.73213222,139.9109706,,,,,,,,,https://www.city.ichikawa.lg.jp/res04/1421000001.html,,,
122033,,sìs,ŠX“ª–h”ÆƒJƒƒ‰29,¶Ş²Ä³ÎŞ³Êİ¶Ò×29,,,,,122033,,ç—tŒ§sìsV“c5’š–Ú8-18’næ,ç—tŒ§,sìs,V“c5’š–Ú,8-18,’næ,,35.72905,139.910675,,,,,,,,,https://www.city.ichikawa.lg.jp/res04/1421000001.html,,,
122033,,sìs,ŠX“ª–h”ÆƒJƒƒ‰31,¶Ş²Ä³ÎŞ³Êİ¶Ò×31,,,,,122033,,ç—tŒ§sìsV“c5’š–Ú18-1’næ,ç—tŒ§,sìs,V“c5’š–Ú,18-1,’næ,,35.728485,139.910937,,,,,,,,,https://www.city.ichikawa.lg.jp/res04/1421000001.html,,,
122033,,sìs,ŠX“ª–h”ÆƒJƒƒ‰33,¶Ş²Ä³ÎŞ³Êİ¶Ò×33,,,,,122033,,ç—tŒ§sìsV“c2’š–Ú29-7’næ,ç—tŒ§,sìs,V“c2’š–Ú,29-7,’næ,,35.726207,139.912246,,,,,,,,,https://www.city.ichikawa.lg.jp/res04/1421000001.html,,,
122033,,sìs,ŠX“ª–h”ÆƒJƒƒ‰37A38,¶Ş²Ä³ÎŞ³Êİ¶Ò×37A38,,,,,122033,,ç—tŒ§sìsV“c4’š–Ú12-17 ’næ,ç—tŒ§,sìs,V“c4’š–Ú,12-17 ,’næ,‚ä‚¤‚ä‚¤ƒ[ƒh¤“X‰ïƒA[ƒ`i‚Q‘äj,35.726548,139.908469,,,,,,,,,https://www.city.ichikawa.lg.jp/res04/1421000001.html,,,
122033,,sìs,ŠX“ª–h”ÆƒJƒƒ‰39,¶Ş²Ä³ÎŞ³Êİ¶Ò×39,,,,,122033,,ç—tŒ§sìsV“c4’š–Ú17-22’næ,ç—tŒ§,sìs,V“c4’š–Ú,17-22,’næ,,35.725491,139.90829,,,,,,,,,https://www.city.ichikawa.lg.jp/res04/1421000001.html,,,
122033,,sìs,ŠX“ª–h”ÆƒJƒƒ‰41,¶Ş²Ä³ÎŞ³Êİ¶Ò×41,,,,,122033,,ç—tŒ§sìssì“ì1’š–Ú7-2’næ,ç—tŒ§,sìs,sì“ì1’š–Ú,7-2,’næ,,35.727208,139.906418,,,,,,,,,https://www.city.ichikawa.lg.jp/res04/1421000001.html,,,
122033,,sìs,ŠX“ª–h”ÆƒJƒƒ‰44A45,¶Ş²Ä³ÎŞ³Êİ¶Ò×44A45,,,,,122033,,ç—tŒ§sìssì“ì4’š–Ú7-8 ,ç—tŒ§,sìs,sì“ì4’š–Ú,7-8 ,,ƒGƒgƒ‹ƒŠƒA¥ƒ~ƒ„i‚Q‘äj,35.72623392,139.9016353,,,,,,,,,https://www.city.ichikawa.lg.jp/res04/1421000001.html,,,
122033,,sìs,ŠX“ª–h”ÆƒJƒƒ‰23,¶Ş²Ä³ÎŞ³Êİ¶Ò×23,,,,,122033,,ç—tŒ§sìssì1’š–Ú21-31 ,ç—tŒ§,sìs,sì1’š–Ú,21-31 ,,ƒŠ[ƒxƒ“ƒf[ƒ‹i¼‘¤j,35.73224,139.910002,,,,,,,,,https://www.city.ichikawa.lg.jp/res04/1421000001.html,,,
122033,,sìs,ŠX“ª–h”ÆƒJƒƒ‰4,¶Ş²Ä³ÎŞ³Êİ¶Ò×4,,,,,122033,,ç—tŒ§sìss“¿‰w‘O1’š–Ú18 ,ç—tŒ§,sìs,s“¿‰w‘O1’š–Ú,18 ,,s“¿‘æ1’“—Öê,35.68376189,139.9154423,,,,,,,,,https://www.city.ichikawa.lg.jp/res04/1421000001.html,,,
122033,,sìs,ŠX“ª–h”ÆƒJƒƒ‰3,¶Ş²Ä³ÎŞ³Êİ¶Ò×3,,,,,122033,,ç—tŒ§sìss“¿‰w‘O1’š–Ú24’næ,ç—tŒ§,sìs,s“¿‰w‘O1’š–Ú,24,’næ,,35.68323928,139.9151767,,,,,,,,,https://www.city.ichikawa.lg.jp/res04/1421000001.html,,,
122033,,sìs,ŠX“ª–h”ÆƒJƒƒ‰5,¶Ş²Ä³ÎŞ³Êİ¶Ò×5,,,,,122033,,ç—tŒ§sìs“ìs“¿1’š–Ú21-1 ,ç—tŒ§,sìs,“ìs“¿1’š–Ú,21-1 ,,“ìs“¿s–¯ƒZƒ“ƒ^[,35.67175533,139.9014342,,,,,,,,,https://www.city.ichikawa.lg.jp/res04/1421000001.html,,,
122033,,sìs,ŠX“ª–h”ÆƒJƒƒ‰7,¶Ş²Ä³ÎŞ³Êİ¶Ò×7,,,,,122033,,ç—tŒ§sìs‘Š”Vì4’š–Ú1,ç—tŒ§,sìs,‘Š”Vì4’š–Ú,1,,“ìs“¿Œö‰€Œö‰€“”,35.67463044,139.9019006,,,,,,,,,https://www.city.ichikawa.lg.jp/res04/1421000001.html,,,
122033,,sìs,ŠX“ª–h”ÆƒJƒƒ‰6,¶Ş²Ä³ÎŞ³Êİ¶Ò×6,,,,,122033,,ç—tŒ§sìs‘Š”Vì4’š–Ú1,ç—tŒ§,sìs,‘Š”Vì4’š–Ú,1,,“ìs“¿Œö‰€‰¡Œğ·“_,35.67419806,139.9014252,,,,,,,,,https://www.city.ichikawa.lg.jp/res04/1421000001.html,,,
122033,,sìs,ŠX“ª–h”ÆƒJƒƒ‰1,¶Ş²Ä³ÎŞ³Êİ¶Ò×1,,,,,122033,,ç—tŒ§sìssì1’š–Ú5-17 ’næ,ç—tŒ§,sìs,sì1’š–Ú,5-17 ,’næ,±²±²Û°ÄŞ¤“XŠXü•Ói–k‘¤j,35.72982525,139.9095003,,,,,,,,,https://www.city.ichikawa.lg.jp/res04/1421000001.html,,,
122033,,sìs,ŠX“ª–h”ÆƒJƒƒ‰2,¶Ş²Ä³ÎŞ³Êİ¶Ò×2,,,,,122033,,ç—tŒ§sìssì1’š–Ú5-17’næ,ç—tŒ§,sìs,sì1’š–Ú,5-17,’næ,±²±²Û°ÄŞ¤“XŠXü•Ói“ì‘¤j,35.72954544,139.9093823,,,,,,,,,https://www.city.ichikawa.lg.jp/res04/1421000001.html,,,
122033,,sìs,ŠX“ª–h”ÆƒJƒƒ‰83,¶Ş²Ä³ÎŞ³Êİ¶Ò×83,,,,,122033,,ç—tŒ§sìs‚Î_4-8’næ,ç—tŒ§,sìs,‚Î_,4-8,’næ,,35.71782142,139.9421587,,,,,,,,,https://www.city.ichikawa.lg.jp/res04/1421000001.html,,,
122033,,sìs,ŠX“ª–h”ÆƒJƒƒ‰84,¶Ş²Ä³ÎŞ³Êİ¶Ò×84,,,,,122033,,ç—tŒ§sìs‹S‚2’š–Ú9-2’næ,ç—tŒ§,sìs,‹S‚2’š–Ú,9-2,’næ,JR‘•ü‰º‘’†R‰w’“—Öê,35.71535303,139.9406301,,,,,,,,,https://www.city.ichikawa.lg.jp/res04/1421000001.html,,,
122033,,sìs,ŠX“ª–h”ÆƒJƒƒ‰85,¶Ş²Ä³ÎŞ³Êİ¶Ò×85,,,,,122033,,ç—tŒ§sìs‹S‰z1’š–Ú5’næ,ç—tŒ§,sìs,‹S‰z1’š–Ú,5,’næ,,35.72000725,139.9370441,,,,,,,,,https://www.city.ichikawa.lg.jp/res04/1421000001.html,,,
122033,,sìs,ŠX“ª–h”ÆƒJƒƒ‰86,¶Ş²Ä³ÎŞ³Êİ¶Ò×86,,,,,122033,,ç—tŒ§sìs”ª”¦2’š–Ú17-1,ç—tŒ§,sìs,”ª”¦2’š–Ú,17-1,,–{”ª”¦‰w–kŒûLê,35.72131353,139.9268878,,,,,,,,,https://www.city.ichikawa.lg.jp/res04/1421000001.html,,,
122033,,sìs,ŠX“ª–h”ÆƒJƒƒ‰87,¶Ş²Ä³ÎŞ³Êİ¶Ò×87,,,,,122033,,ç—tŒ§sìs“cK4’š–Ú16-9’næ,ç—tŒ§,sìs,“cK4’š–Ú,16-9,’næ,,35.70208761,139.9375734,,,,,,,,,https://www.city.ichikawa.lg.jp/res04/1421000001.html,,,
122033,,sìs,ŠX“ª–h”ÆƒJƒƒ‰88,¶Ş²Ä³ÎŞ³Êİ¶Ò×88,,,,,122033,,ç—tŒ§sìss“¿‰w‘O4’š–Ú6-16’næ,ç—tŒ§,sìs,s“¿‰w‘O4’š–Ú,6-16,’næ,s“¿‰w‘OŒö‰€•t‹ß,35.67938167,139.9147529,,,,,,,,,https://www.city.ichikawa.lg.jp/res04/1421000001.html,,,
122033,,sìs,ŠX“ª–h”ÆƒJƒƒ‰89,¶Ş²Ä³ÎŞ³Êİ¶Ò×89,,,,,122033,,ç—tŒ§sìss“¿‰w‘O2’š–Ú2,ç—tŒ§,sìs,s“¿‰w‘O2’š–Ú,2,,s“¿‰w‘OLê,35.68316778,139.9142596,,,,,,,,,https://www.city.ichikawa.lg.jp/res04/1421000001.html,,,
122033,,sìs,ŠX“ª–h”ÆƒJƒƒ‰90,¶Ş²Ä³ÎŞ³Êİ¶Ò×90,,,,,122033,,ç—tŒ§sìs–©V“c1’š–Ú15-1’næ,ç—tŒ§,sìs,–©V“c1’š–Ú,15-1,’næ,,35.68114081,139.9125893,,,,,,,,,https://www.city.ichikawa.lg.jp/res04/1421000001.html,,,
122033,,sìs,ŠX“ª–h”ÆƒJƒƒ‰91,¶Ş²Ä³ÎŞ³Êİ¶Ò×91,,,,,122033,,ç—tŒ§sìs‘åF1’š–Ú18,ç—tŒ§,sìs,‘åF1’š–Ú,18,,‘åF–hĞŒö‰€“à,35.71835956,139.9106588,,,,,,,,,https://www.city.ichikawa.lg.jp/res04/1421000001.html,,,
122033,,sìs,ŠX“ª–h”ÆƒJƒƒ‰92,¶Ş²Ä³ÎŞ³Êİ¶Ò×92,,,,,122033,,ç—tŒ§sìs‰–•l3’š–Ú25 ,ç—tŒ§,sìs,‰–•l3’š–Ú,25 ,,‰–•l‘æ2Œö‰€“à,35.65717067,139.9164643,,,,,,,,,https://www.city.ichikawa.lg.jp/res04/1421000001.html,,,
122033,,sìs,ŠX“ª–h”ÆƒJƒƒ‰93,¶Ş²Ä³ÎŞ³Êİ¶Ò×93,,,,,122033,,ç—tŒ§sìssì3’š–Ú20-5,ç—tŒ§,sìs,sì3’š–Ú,20-5,,t“ú_Ğ“à,35.73485967,139.9022286,,,,,,,,,https://www.city.ichikawa.lg.jp/res04/1421000001.html,,,
122033,,sìs,ŠX“ª–h”ÆƒJƒƒ‰94,¶Ş²Ä³ÎŞ³Êİ¶Ò×94,,,,,122033,,ç—tŒ§sìssì“ì3’š–Ú14-23 ,ç—tŒ§,sìs,sì“ì3’š–Ú,14-23 ,,R÷Œö‰€“à,35.73082981,139.9035406,,,,,,,,,https://www.city.ichikawa.lg.jp/res04/1421000001.html,,,
122033,,sìs,ŠX“ª–h”ÆƒJƒƒ‰95,¶Ş²Ä³ÎŞ³Êİ¶Ò×95,,,,,122033,,ç—tŒ§sìsˆî‰×–Ø2’š–Ú6-16’næ,ç—tŒ§,sìs,ˆî‰×–Ø2’š–Ú,6-16,’næ,,35.70925753,139.9211932,,,,,,,,,https://www.city.ichikawa.lg.jp/res04/1421000001.html,,,
122033,,sìs,ŠX“ª–h”ÆƒJƒƒ‰96,¶Ş²Ä³ÎŞ³Êİ¶Ò×96,,,,,122033,,ç—tŒ§sìs‘å˜a“c4’š–Ú11’næ,ç—tŒ§,sìs,‘å˜a“c4’š–Ú,11,’næ,,35.71766286,139.9147034,,,,,,,,,https://www.city.ichikawa.lg.jp/res04/1421000001.html,,,
122033,,sìs,ŠX“ª–h”ÆƒJƒƒ‰97,¶Ş²Ä³ÎŞ³Êİ¶Ò×97,,,,,122033,,ç—tŒ§sìsV“c5’š–Ú9’næ,ç—tŒ§,sìs,V“c5’š–Ú,9,’næ,,35.729198,139.912087,,,,,,,,,https://www.city.ichikawa.lg.jp/res04/1421000001.html,,,
122033,,sìs,ŠX“ª–h”ÆƒJƒƒ‰98,¶Ş²Ä³ÎŞ³Êİ¶Ò×98,,,,,122033,,ç—tŒ§sìs‘•{‘ä3’š–Ú8-4’næ,ç—tŒ§,sìs,‘•{‘ä3’š–Ú,8-4,’næ,—¢Œ©Œö‰€“üŒû•t‹ß,35.74684844,139.9011001,,,,,,,,,https://www.city.ichikawa.lg.jp/res04/1421000001.html,,,
122033,,sìs,ŠX“ª–h”ÆƒJƒƒ‰99,¶Ş²Ä³ÎŞ³Êİ¶Ò×99,,,,,122033,,ç—tŒ§sìs”ª”¦3’š–Ú22-19’næ,ç—tŒ§,sìs,”ª”¦3’š–Ú,22-19,’næ,,35.72584708,139.9273021,,,,,,,,,https://www.city.ichikawa.lg.jp/res04/1421000001.html,,,
122033,,sìs,ŠX“ª–h”ÆƒJƒƒ‰100,¶Ş²Ä³ÎŞ³Êİ¶Ò×100,,,,,122033,,ç—tŒ§sìs”ª”¦6’š–Ú3-1’næ,ç—tŒ§,sìs,”ª”¦6’š–Ú,3-1,’næ,,35.72675244,139.9335156,,,,,,,,,https://www.city.ichikawa.lg.jp/res04/1421000001.html,,,
122033,,sìs,ŠX“ª–h”ÆƒJƒƒ‰101,¶Ş²Ä³ÎŞ³Êİ¶Ò×101,,,,,122033,,ç—tŒ§sìs“ì”ª”¦3’š–Ú14-1’næ,ç—tŒ§,sìs,“ì”ª”¦3’š–Ú,14-1,’næ,,35.71896,139.92728,,,,,,,,,https://www.city.ichikawa.lg.jp/res04/1421000001.html,,,
122033,,sìs,ŠX“ª–h”ÆƒJƒƒ‰102,¶Ş²Ä³ÎŞ³Êİ¶Ò×102,,,,,122033,,ç—tŒ§sìs”ª”¦4’š–Ú2,ç—tŒ§,sìs,”ª”¦4’š–Ú,2,,”ª”¦_Ğ™“¶—V‰€’n“àiH–‚Ìˆ×ˆê“P‹’†j,35.72295,139.93007,,,,,,,,,https://www.city.ichikawa.lg.jp/res04/1421000001.html,,,
122033,,sìs,ŠX“ª–h”ÆƒJƒƒ‰103,¶Ş²Ä³ÎŞ³Êİ¶Ò×103,,,,,122033,,ç—tŒ§sìs“Œ›–ì1’š–Ú12,ç—tŒ§,sìs,“Œ›–ì1’š–Ú,12,,›–ì™“¶Œö‰€“à,35.72844878,139.93134,,,,,,,,,https://www.city.ichikawa.lg.jp/res04/1421000001.html,,,
122033,,sìs,ŠX“ª–h”ÆƒJƒƒ‰104,¶Ş²Ä³ÎŞ³Êİ¶Ò×104,,,,,122033,,ç—tŒ§sìs“Œ›–ì4’š–Ú27,ç—tŒ§,sìs,“Œ›–ì4’š–Ú,27,,”ü—¢‰‘Œö‰€“à,35.73358036,139.9386978,,,,,,,,,https://www.city.ichikawa.lg.jp/res04/1421000001.html,,,
122033,,sìs,ŠX“ª–h”ÆƒJƒƒ‰105,¶Ş²Ä³ÎŞ³Êİ¶Ò×105,,,,,122033,,ç—tŒ§sìs‘]’J5’š–Ú16,ç—tŒ§,sìs,‘]’J5’š–Ú,16,,R‰¤Œö‰€“à,35.74762308,139.9284776,,,,,,,,,https://www.city.ichikawa.lg.jp/res04/1421000001.html,,,
122033,,sìs,ŠX“ª–h”ÆƒJƒƒ‰106,¶Ş²Ä³ÎŞ³Êİ¶Ò×106,,,,,122033,,ç—tŒ§sìs‹{‹v•Û1’š–Ú8-16’næ,ç—tŒ§,sìs,‹{‹v•Û1’š–Ú,8-16,’næ,,35.73675036,139.9313502,,,,,,,,,https://www.city.ichikawa.lg.jp/res04/1421000001.html,,,
122033,,sìs,ŠX“ª–h”ÆƒJƒƒ‰107,¶Ş²Ä³ÎŞ³Êİ¶Ò×107,,,,,122033,,ç—tŒ§sìs–{–k•û1’š–Ú42,ç—tŒ§,sìs,–{–k•û1’š–Ú,42,,q‚Ì_¼Œö‰€“à,35.72659994,139.9429997,,,,,,,,,https://www.city.ichikawa.lg.jp/res04/1421000001.html,,,
122033,,sìs,ŠX“ª–h”ÆƒJƒƒ‰108,¶Ş²Ä³ÎŞ³Êİ¶Ò×108,,,,,122033,,ç—tŒ§sìsá‹{1’š–Ú12,ç—tŒ§,sìs,á‹{1’š–Ú,12,,á‹{‚¢‚¸‚İŒö‰€“à,35.71904689,139.9521191,,,,,,,,,https://www.city.ichikawa.lg.jp/res04/1421000001.html,,,
122033,,sìs,ŠX“ª–h”ÆƒJƒƒ‰109,¶Ş²Ä³ÎŞ³Êİ¶Ò×109,,,,,122033,,ç—tŒ§sìs’†R4’š–Ú18,ç—tŒ§,sìs,’†R4’š–Ú,18,,’†R“ŒŒö‰€“à,35.71681633,139.9470979,,,,,,,,,https://www.city.ichikawa.lg.jp/res04/1421000001.html,,,
122033,,sìs,ŠX“ª–h”ÆƒJƒƒ‰110,¶Ş²Ä³ÎŞ³Êİ¶Ò×110,,,,,122033,,ç—tŒ§sìs’†‘•ª4’š–Ú21,ç—tŒ§,sìs,’†‘•ª4’š–Ú,21,,‚¶‚ã‚ñØ’r—Î’n“à,35.75293883,139.9059263,,,,,,,,,https://www.city.ichikawa.lg.jp/res04/1421000001.html,,,
122033,,sìs,ŠX“ª–h”ÆƒJƒƒ‰111,¶Ş²Ä³ÎŞ³Êİ¶Ò×111,,,,,122033,,ç—tŒ§sìs–x”V“à3’š–Ú29,ç—tŒ§,sìs,–x”V“à3’š–Ú,29,,”ª”½Š„Œö‰€“à,35.76375169,139.9113994,,,,,,,,,https://www.city.ichikawa.lg.jp/res04/1421000001.html,,,
122033,,sìs,ŠX“ª–h”ÆƒJƒƒ‰112,¶Ş²Ä³ÎŞ³Êİ¶Ò×112,,,,,122033,,ç—tŒ§sìsˆî‰z’¬289-1’næ,ç—tŒ§,sìs,ˆî‰z’¬,289-1,’næ,,35.75545533,139.9292168,,,,,,,,,https://www.city.ichikawa.lg.jp/res04/1421000001.html,,,
122033,,sìs,ŠX“ª–h”ÆƒJƒƒ‰113,¶Ş²Ä³ÎŞ³Êİ¶Ò×113,,,,,122033,,ç—tŒ§sìs‘å–ì’¬1’š–Ú466-1,ç—tŒ§,sìs,‘å–ì’¬1’š–Ú,466-1,,—œ•—‘æ1Œö‰€“à,35.74884314,139.9456508,,,,,,,,,https://www.city.ichikawa.lg.jp/res04/1421000001.html,,,
122033,,sìs,ŠX“ª–h”ÆƒJƒƒ‰114,¶Ş²Ä³ÎŞ³Êİ¶Ò×114,,,,,122033,,ç—tŒ§sìs“ì‘å–ì1’š–Ú40’næ,ç—tŒ§,sìs,“ì‘å–ì1’š–Ú,40,’næ,,35.74318522,139.9522766,,,,,,,,,https://www.city.ichikawa.lg.jp/res04/1421000001.html,,,
122033,,sìs,ŠX“ª–h”ÆƒJƒƒ‰115,¶Ş²Ä³ÎŞ³Êİ¶Ò×115,,,,,122033,,ç—tŒ§sìs‘å’¬104-92’næ,ç—tŒ§,sìs,‘å’¬,104-92,’næ,,35.77274331,139.9587246,,,,,,,,,https://www.city.ichikawa.lg.jp/res04/1421000001.html,,,
122033,,sìs,ŠX“ª–h”ÆƒJƒƒ‰116,¶Ş²Ä³ÎŞ³Êİ¶Ò×116,,,,,122033,,ç—tŒ§sìsŒ´–Ø1’š–Ú5’næ,ç—tŒ§,sìs,Œ´–Ø1’š–Ú,5,’næ,‹—t“¹˜H’n‰º“¹,35.70561528,139.9439656,,,,,,,,,https://www.city.ichikawa.lg.jp/res04/1421000001.html,,,
122033,,sìs,ŠX“ª–h”ÆƒJƒƒ‰117,¶Ş²Ä³ÎŞ³Êİ¶Ò×117,,,,,122033,,ç—tŒ§sìs“ñ–“678-67’næ,ç—tŒ§,sìs,“ñ–“,678-67,’næ,,35.69481422,139.9559837,,,,,,,,,https://www.city.ichikawa.lg.jp/res04/1421000001.html,,,
122033,,sìs,ŠX“ª–h”ÆƒJƒƒ‰118,¶Ş²Ä³ÎŞ³Êİ¶Ò×118,,,,,122033,,ç—tŒ§sìs‚’J2’š–Ú12,ç—tŒ§,sìs,‚’J2’š–Ú,12,,‘å˜h_Ğ“à,35.69897669,139.9389506,,,,,,,,,https://www.city.ichikawa.lg.jp/res04/1421000001.html,,,
122033,,sìs,ŠX“ª–h”ÆƒJƒƒ‰119,¶Ş²Ä³ÎŞ³Êİ¶Ò×119,,,,,122033,,ç—tŒ§sìs–­“T6’š–Ú1,ç—tŒ§,sìs,–­“T6’š–Ú,1,,–­“TŒö‰€“à,35.69413442,139.9305245,,,,,,,,,https://www.city.ichikawa.lg.jp/res04/1421000001.html,,,
122033,,sìs,ŠX“ª–h”ÆƒJƒƒ‰120,¶Ş²Ä³ÎŞ³Êİ¶Ò×120,,,,,122033,,ç—tŒ§sìs‰ÍŒ´9,ç—tŒ§,sìs,‰ÍŒ´,9,,Vh‘OŒö‰€“à,35.69835056,139.921778,,,,,,,,,https://www.city.ichikawa.lg.jp/res04/1421000001.html,,,
122033,,sìs,ŠX“ª–h”ÆƒJƒƒ‰121,¶Ş²Ä³ÎŞ³Êİ¶Ò×121,,,,,122033,,ç—tŒ§sìsK2’š–Ú4’næ,ç—tŒ§,sìs,K2’š–Ú,4,’næ,,35.67884836,139.9290477,,,,,,,,,https://www.city.ichikawa.lg.jp/res04/1421000001.html,,,
122033,,sìs,ŠX“ª–h”ÆƒJƒƒ‰122,¶Ş²Ä³ÎŞ³Êİ¶Ò×122,,,,,122033,,ç—tŒ§sìs•x•l3’š–Ú10,ç—tŒ§,sìs,•x•l3’š–Ú,10,,s“¿’†‰›Œö‰€“à,35.68700239,139.9216881,,,,,,,,,https://www.city.ichikawa.lg.jp/res04/1421000001.html,,,
122033,,sìs,ŠX“ª–h”ÆƒJƒƒ‰123,¶Ş²Ä³ÎŞ³Êİ¶Ò×123,,,,,122033,,ç—tŒ§sìs–{‰–1,ç—tŒ§,sìs,–{‰–,1,,–Ló_Ğ“à,35.69331217,139.9214299,,,,,,,,,https://www.city.ichikawa.lg.jp/res04/1421000001.html,,,
122033,,sìs,ŠX“ª–h”ÆƒJƒƒ‰124,¶Ş²Ä³ÎŞ³Êİ¶Ò×124,,,,,122033,,ç—tŒ§sìs•Ÿ‰h1’š–Ú9-21’næ,ç—tŒ§,sìs,•Ÿ‰h1’š–Ú,9-21,’næ,,35.67780814,139.9087968,,,,,,,,,https://www.city.ichikawa.lg.jp/res04/1421000001.html,,,
122033,,sìs,ŠX“ª–h”ÆƒJƒƒ‰125,¶Ş²Ä³ÎŞ³Êİ¶Ò×125,,,,,122033,,ç—tŒ§sìs‰–•l4’š–Ú2-9’næ,ç—tŒ§,sìs,‰–•l4’š–Ú,2-9,’næ,,35.66325783,139.9121851,,,,,,,,,https://www.city.ichikawa.lg.jp/res04/1421000001.html,,,
122033,,sìs,ŠX“ª–h”ÆƒJƒƒ‰126,¶Ş²Ä³ÎŞ³Êİ¶Ò×126,,,,,122033,,ç—tŒ§sìs–©V“c1’š–Ú11-24,ç—tŒ§,sìs,–©V“c1’š–Ú,11-24,,ŒÓ˜^Œö‰€“à,35.68112486,139.9092971,,,,,,,,,https://www.city.ichikawa.lg.jp/res04/1421000001.html,,,
122033,,sìs,ŠX“ª–h”ÆƒJƒƒ‰127,¶Ş²Ä³ÎŞ³Êİ¶Ò×127,,,,,122033,,ç—tŒ§sìs“ìs“¿1’š–Ú15’næ,ç—tŒ§,sìs,“ìs“¿1’š–Ú,15,’næ,,35.67294428,139.9029154,,,,,,,,,https://www.city.ichikawa.lg.jp/res04/1421000001.html,,,
122033,,sìs,ŠX“ª–h”ÆƒJƒƒ‰128,¶Ş²Ä³ÎŞ³Êİ¶Ò×128,,,,,122033,,ç—tŒ§sìsV•l1’š–Ú4,ç—tŒ§,sìs,V•l1’š–Ú,4,,¼•lŒö‰€“à,35.67641397,139.9179314,,,,,,,,,https://www.city.ichikawa.lg.jp/res04/1421000001.html,,,
122033,,sìs,ŠX“ª–h”ÆƒJƒƒ‰129,¶Ş²Ä³ÎŞ³Êİ¶Ò×129,,,,,122033,,ç—tŒ§sìsŒ‡^ŠÔ1’š–Ú13-10’næ,ç—tŒ§,sìs,Œ‡^ŠÔ1’š–Ú,13-10,’næ,,35.68060625,139.9024028,,,,,,,,,https://www.city.ichikawa.lg.jp/res04/1421000001.html,,,
122033,,sìs,ŠX“ª–h”ÆƒJƒƒ‰130,¶Ş²Ä³ÎŞ³Êİ¶Ò×130,,,,,122033,,ç—tŒ§sìs‰ŸØ6-6,ç—tŒ§,sìs,‰ŸØ,6-6,,ˆî‰×_Ğ“à,35.68581003,139.9123951,,,,,,,,,https://www.city.ichikawa.lg.jp/res04/1421000001.html,,,
122033,,sìs,ŠX“ª–h”ÆƒJƒƒ‰131,¶Ş²Ä³ÎŞ³Êİ¶Ò×131,,,,,122033,,ç—tŒ§sìs•Ÿ‰h3’š–Ú9,ç—tŒ§,sìs,•Ÿ‰h3’š–Ú,9,,V•lŒö‰€“à,35.67262408,139.9106367,,,,,,,,,https://www.city.ichikawa.lg.jp/res04/1421000001.html,,,
122033,,sìs,ŠX“ª–h”ÆƒJƒƒ‰132,¶Ş²Ä³ÎŞ³Êİ¶Ò×132,,,,,122033,,ç—tŒ§sìsVˆä3’š–Ú18,ç—tŒ§,sìs,Vˆä3’š–Ú,18,,–k•lŒö‰€“à,35.67272264,139.89621,,,,,,,,,https://www.city.ichikawa.lg.jp/res04/1421000001.html,,,
122033,,sìs,ŠX“ª–h”ÆƒJƒƒ‰133,¶Ş²Ä³ÎŞ³Êİ¶Ò×133,,,,,122033,,ç—tŒ§sìssì2’š–Ú14-5’næ,ç—tŒ§,sìs,sì2’š–Ú,14-5,’næ,,35.73249867,139.9013345,,,,,,,,,https://www.city.ichikawa.lg.jp/res04/1421000001.html,,,
122033,,sìs,ŠX“ª–h”ÆƒJƒƒ‰134,¶Ş²Ä³ÎŞ³Êİ¶Ò×134,,,,,122033,,ç—tŒ§sìsL”ö2’š–Ú3-2,ç—tŒ§,sìs,L”ö2’š–Ú,3-2,,L”ö–hĞŒö‰€“à,35.67882367,139.8894115,,,,,,,,,https://www.city.ichikawa.lg.jp/res04/1421000001.html,,,
122033,,sìs,ŠX“ª–h”ÆƒJƒƒ‰135,¶Ş²Ä³ÎŞ³Êİ¶Ò×135,,,,,122033,,ç—tŒ§sìsV“c3’š–Ú14,ç—tŒ§,sìs,V“c3’š–Ú,14,,V“c“ìŒö‰€“à,35.72339267,139.9132725,,,,,,,,,https://www.city.ichikawa.lg.jp/res04/1421000001.html,,,
122033,,sìs,ŠX“ª–h”ÆƒJƒƒ‰136,¶Ş²Ä³ÎŞ³Êİ¶Ò×136,,,,,122033,,ç—tŒ§sìs•½“c3’š–Ú9-13’næ,ç—tŒ§,sìs,•½“c3’š–Ú,9-13,’næ,,35.72215169,139.9206725,,,,,,,,,https://www.city.ichikawa.lg.jp/res04/1421000001.html,,,
122033,,sìs,ŠX“ª–h”ÆƒJƒƒ‰137,¶Ş²Ä³ÎŞ³Êİ¶Ò×137,,,,,122033,,ç—tŒ§sìssì“ì1’š–Ú8’næ,ç—tŒ§,sìs,sì“ì1’š–Ú,8,’næ,,35.72778967,139.9055665,,,,,,,,,https://www.city.ichikawa.lg.jp/res04/1421000001.html,,,
122033,,sìs,ŠX“ª–h”ÆƒJƒƒ‰138,¶Ş²Ä³ÎŞ³Êİ¶Ò×138,,,,,122033,,ç—tŒ§sìs‘•{‘ä1’š–Ú2’næ,ç—tŒ§,sìs,‘•{‘ä1’š–Ú,2,’næ,^ŠÔR—c’t‰€•t‹ß,35.74063267,139.9073205,,,,,,,,,https://www.city.ichikawa.lg.jp/res04/1421000001.html,,,
122033,,sìs,ŠX“ª–h”ÆƒJƒƒ‰139,¶Ş²Ä³ÎŞ³Êİ¶Ò×139,,,,,122033,,ç—tŒ§sìs^ŠÔ3’š–Ú2-13’næ,ç—tŒ§,sìs,^ŠÔ3’š–Ú,2-13,’næ,‚¢‚¿‚©‚í•¶Šw‚Ì“¹•t‹ß,35.73431667,139.9138035,,,,,,,,,https://www.city.ichikawa.lg.jp/res04/1421000001.html,,,
122033,,sìs,ŠX“ª–h”ÆƒJƒƒ‰140,¶Ş²Ä³ÎŞ³Êİ¶Ò×140,,,,,122033,,ç—tŒ§sìs^ŠÔ4’š–Ú5-4,ç—tŒ§,sìs,^ŠÔ4’š–Ú,5-4,,^ŠÔˆî‰×_Ğ“à,35.73816367,139.9088125,,,,,,,,,https://www.city.ichikawa.lg.jp/res04/1421000001.html,,,
122033,,sìs,ŠX“ª–h”ÆƒJƒƒ‰141,¶Ş²Ä³ÎŞ³Êİ¶Ò×141,,,,,122033,,ç—tŒ§sìs“ì”ª”¦3’š–Ú3-16’næ,ç—tŒ§,sìs,“ì”ª”¦3’š–Ú,3-16,’næ,,35.72001672,139.928768,,,,,,,,,https://www.city.ichikawa.lg.jp/res04/1421000001.html,,,
122033,,sìs,ŠX“ª–h”ÆƒJƒƒ‰142,¶Ş²Ä³ÎŞ³Êİ¶Ò×142,,,,,122033,,ç—tŒ§sìs”ª”¦3’š–Ú5-1’næ,ç—tŒ§,sìs,”ª”¦3’š–Ú,5-1,’næ,–{”ª”¦·¬ËßÀÙÀÜ°•t‹ß,35.72284467,139.9262385,,,,,,,,,https://www.city.ichikawa.lg.jp/res04/1421000001.html,,,
122033,,sìs,ŠX“ª–h”ÆƒJƒƒ‰143,¶Ş²Ä³ÎŞ³Êİ¶Ò×143,,,,,122033,,ç—tŒ§sìs”ª”¦4’š–Ú15,ç—tŒ§,sìs,”ª”¦4’š–Ú,15,,\“ñĞ_Ğ“à,35.72557669,139.9318415,,,,,,,,,https://www.city.ichikawa.lg.jp/res04/1421000001.html,,,
122033,,sìs,ŠX“ª–h”ÆƒJƒƒ‰144,¶Ş²Ä³ÎŞ³Êİ¶Ò×144,,,,,122033,,ç—tŒ§sìs“ì”ª”¦4’š–Ú18-19’næ,ç—tŒ§,sìs,“ì”ª”¦4’š–Ú,18-19,’næ,º°Ìß–ì‘º–{”ª”¦•t‹ß,35.71842167,139.9234165,,,,,,,,,https://www.city.ichikawa.lg.jp/res04/1421000001.html,,,
122033,,sìs,ŠX“ª–h”ÆƒJƒƒ‰145,¶Ş²Ä³ÎŞ³Êİ¶Ò×145,,,,,122033,,ç—tŒ§sìs“ì”ª”¦2’š–Ú21’næ,ç—tŒ§,sìs,“ì”ª”¦2’š–Ú,21,’næ,×²µİ½ŞÏİ¼®İsì–{”ª”¦•t‹ß,35.71345667,139.9267825,,,,,,,,,https://www.city.ichikawa.lg.jp/res04/1421000001.html,,,
122033,,sìs,ŠX“ª–h”ÆƒJƒƒ‰146,¶Ş²Ä³ÎŞ³Êİ¶Ò×146,,,,,122033,,ç—tŒ§sìs›–ì1’š–Ú15-13 ’næ,ç—tŒ§,sìs,›–ì1’š–Ú,15-13 ,’næ,”’”¦Œö‰€•t‹ß,35.72903067,139.9265205,,,,,,,,,https://www.city.ichikawa.lg.jp/res04/1421000001.html,,,
122033,,sìs,ŠX“ª–h”ÆƒJƒƒ‰147,¶Ş²Ä³ÎŞ³Êİ¶Ò×147,,,,,122033,,ç—tŒ§sìs›–ì6’š–Ú19-17,ç—tŒ§,sìs,›–ì6’š–Ú,19-17,,›–ì¼Œö‰€“à,35.73538767,139.9147855,,,,,,,,,https://www.city.ichikawa.lg.jp/res04/1421000001.html,,,
122033,,sìs,ŠX“ª–h”ÆƒJƒƒ‰148,¶Ş²Ä³ÎŞ³Êİ¶Ò×148,,,,,122033,,ç—tŒ§sìs{˜a“c1’š–Ú9-10’næ,ç—tŒ§,sìs,{˜a“c1’š–Ú,9-10,’næ,,35.73674786,139.9257196,,,,,,,,,https://www.city.ichikawa.lg.jp/res04/1421000001.html,,,
122033,,sìs,ŠX“ª–h”ÆƒJƒƒ‰149,¶Ş²Ä³ÎŞ³Êİ¶Ò×149,,,,,122033,,ç—tŒ§sìs‘]’J1’š–Ú8,ç—tŒ§,sìs,‘]’J1’š–Ú,8,,‘]’J‘äŒö‰€“à,35.74163467,139.9351005,,,,,,,,,https://www.city.ichikawa.lg.jp/res04/1421000001.html,,,
122033,,sìs,ŠX“ª–h”ÆƒJƒƒ‰150,¶Ş²Ä³ÎŞ³Êİ¶Ò×150,,,,,122033,,ç—tŒ§sìs‘]’J2’š–Ú33,ç—tŒ§,sìs,‘]’J2’š–Ú,33,,•Ù“V’rŒö‰€“à,35.74868967,139.9363475,,,,,,,,,https://www.city.ichikawa.lg.jp/res04/1421000001.html,,,
122033,,sìs,ŠX“ª–h”ÆƒJƒƒ‰151,¶Ş²Ä³ÎŞ³Êİ¶Ò×151,,,,,122033,,ç—tŒ§sìs‹{‹v•Û3’š–Ú6-24’næ,ç—tŒ§,sìs,‹{‹v•Û3’š–Ú,6-24,’næ,‹{‹v•ÛŒö‰€•t‹ß,35.73413867,139.9350735,,,,,,,,,https://www.city.ichikawa.lg.jp/res04/1421000001.html,,,
122033,,sìs,ŠX“ª–h”ÆƒJƒƒ‰152,¶Ş²Ä³ÎŞ³Êİ¶Ò×152,,,,,122033,,ç—tŒ§sìs‰ºŠL’Ë3’š–Ú12-7’næ,ç—tŒ§,sìs,‰ºŠL’Ë3’š–Ú,12-7,’næ,‰ºŠL’Ë’†ŠwZ•t‹ß,35.74087467,139.9454435,,,,,,,,,https://www.city.ichikawa.lg.jp/res04/1421000001.html,,,
122033,,sìs,ŠX“ª–h”ÆƒJƒƒ‰153,¶Ş²Ä³ÎŞ³Êİ¶Ò×153,,,,,122033,,ç—tŒ§sìsá‹{3’š–Ú56-12,ç—tŒ§,sìs,á‹{3’š–Ú,56-12,,á‹{‘æ1—Î’n“à,35.72754067,139.9540015,,,,,,,,,https://www.city.ichikawa.lg.jp/res04/1421000001.html,,,
122033,,sìs,ŠX“ª–h”ÆƒJƒƒ‰154,¶Ş²Ä³ÎŞ³Êİ¶Ò×154,,,,,122033,,ç—tŒ§sìs–k•û3’š–Ú24’næ,ç—tŒ§,sìs,–k•û3’š–Ú,24,’næ,,35.72532667,139.9484605,,,,,,,,,https://www.city.ichikawa.lg.jp/res04/1421000001.html,,,
122033,,sìs,ŠX“ª–h”ÆƒJƒƒ‰155,¶Ş²Ä³ÎŞ³Êİ¶Ò×155,,,,,122033,,ç—tŒ§sìs–k•û’¬4’š–Ú2072’næ,ç—tŒ§,sìs,–k•û’¬4’š–Ú,2072,’næ,,35.73398567,139.9560135,,,,,,,,,https://www.city.ichikawa.lg.jp/res04/1421000001.html,,,
122033,,sìs,ŠX“ª–h”ÆƒJƒƒ‰156,¶Ş²Ä³ÎŞ³Êİ¶Ò×156,,,,,122033,,ç—tŒ§sìs“Œ‘•ª1’š–Ú18’næ,ç—tŒ§,sìs,“Œ‘•ª1’š–Ú,18,’næ,“Œ‘•ª­”NLê•t‹ß,35.74280167,139.9216255,,,,,,,,,https://www.city.ichikawa.lg.jp/res04/1421000001.html,,,
122033,,sìs,ŠX“ª–h”ÆƒJƒƒ‰157,¶Ş²Ä³ÎŞ³Êİ¶Ò×157,,,,,122033,,ç—tŒ§sìs–x”V“à3’š–Ú2,ç—tŒ§,sìs,–x”V“à3’š–Ú,2,,–x”V“àŒö‰€“à,35.76191567,139.9155395,,,,,,,,,https://www.city.ichikawa.lg.jp/res04/1421000001.html,,,
122033,,sìs,ŠX“ª–h”ÆƒJƒƒ‰158,¶Ş²Ä³ÎŞ³Êİ¶Ò×158,,,,,122033,,ç—tŒ§sìs‘å–ì’¬4’š–Ú2756’næ,ç—tŒ§,sìs,‘å–ì’¬4’š–Ú,2756,’næ,,35.75926167,139.9619445,,,,,,,,,https://www.city.ichikawa.lg.jp/res04/1421000001.html,,,
122033,,sìs,ŠX“ª–h”ÆƒJƒƒ‰159,¶Ş²Ä³ÎŞ³Êİ¶Ò×159,,,,,122033,,ç—tŒ§sìs”ˆä’¬1’š–Ú1231’næ,ç—tŒ§,sìs,”ˆä’¬1’š–Ú,1231,’næ,‰WRŠL’ËŒö‰€•t‹ß,35.73778767,139.9644335,,,,,,,,,https://www.city.ichikawa.lg.jp/res04/1421000001.html,,,
122033,,sìs,ŠX“ª–h”ÆƒJƒƒ‰160,¶Ş²Ä³ÎŞ³Êİ¶Ò×160,,,,,122033,,ç—tŒ§sìs‘å’¬111’næ,ç—tŒ§,sìs,‘å’¬,111,’næ,,35.76989278,139.9631794,,,,,,,,,https://www.city.ichikawa.lg.jp/res04/1421000001.html,,,
122033,,sìs,ŠX“ª–h”ÆƒJƒƒ‰161,¶Ş²Ä³ÎŞ³Êİ¶Ò×161,,,,,122033,,ç—tŒ§sìs‘å’¬124’næ,ç—tŒ§,sìs,‘å’¬,124,’næ,‘å’¬s‰cZ‘î‘æ‚Q’c’n“à,35.77516467,139.9600744,,,,,,,,,https://www.city.ichikawa.lg.jp/res04/1421000001.html,,,
122033,,sìs,ŠX“ª–h”ÆƒJƒƒ‰162,¶Ş²Ä³ÎŞ³Êİ¶Ò×162,,,,,122033,,ç—tŒ§sìs“ì‘å–ì2’š–Ú3,ç—tŒ§,sìs,“ì‘å–ì2’š–Ú,3,,‚±‚Ô‚µŒö‰€“à,35.74533967,139.9551175,,,,,,,,,https://www.city.ichikawa.lg.jp/res04/1421000001.html,,,
122033,,sìs,ŠX“ª–h”ÆƒJƒƒ‰163,¶Ş²Ä³ÎŞ³Êİ¶Ò×163,,,,,122033,,ç—tŒ§sìsŒ´–Ø1’š–Ú22,ç—tŒ§,sìs,Œ´–Ø1’š–Ú,22,,“ú}_Ğ“à,35.70206767,139.9460035,,,,,,,,,https://www.city.ichikawa.lg.jp/res04/1421000001.html,,,
122033,,sìs,ŠX“ª–h”ÆƒJƒƒ‰164,¶Ş²Ä³ÎŞ³Êİ¶Ò×164,,,,,122033,,ç—tŒ§sìs“ñ–“2’š–Ú1-10,ç—tŒ§,sìs,“ñ–“2’š–Ú,1-10,,“ú}_Ğ“à,35.70606867,139.9545145,,,,,,,,,https://www.city.ichikawa.lg.jp/res04/1421000001.html,,,
122033,,sìs,ŠX“ª–h”ÆƒJƒƒ‰165,¶Ş²Ä³ÎŞ³Êİ¶Ò×165,,,,,122033,,ç—tŒ§sìsŒ´–Ø3’š–Ú1-5,ç—tŒ§,sìs,Œ´–Ø3’š–Ú,1-5,,‚³‚­‚çŒö‰€“à,35.70580969,139.9482995,,,,,,,,,https://www.city.ichikawa.lg.jp/res04/1421000001.html,,,
122033,,sìs,ŠX“ª–h”ÆƒJƒƒ‰166,¶Ş²Ä³ÎŞ³Êİ¶Ò×166,,,,,122033,,ç—tŒ§sìs–{s“¿28,ç—tŒ§,sìs,–{s“¿,28,,í–é“”Œö‰€“ài–k‘¤j,35.69236969,139.9160325,,,,,,,,,https://www.city.ichikawa.lg.jp/res04/1421000001.html,,,
122033,,sìs,ŠX“ª–h”ÆƒJƒƒ‰167,¶Ş²Ä³ÎŞ³Êİ¶Ò×167,,,,,122033,,ç—tŒ§sìs–{s“¿28,ç—tŒ§,sìs,–{s“¿,28,,í–é“”Œö‰€“ài“ì‘¤j,35.69185367,139.9156975,,,,,,,,,https://www.city.ichikawa.lg.jp/res04/1421000001.html,,,
122033,,sìs,ŠX“ª–h”ÆƒJƒƒ‰168,¶Ş²Ä³ÎŞ³Êİ¶Ò×168,,,,,122033,,ç—tŒ§sìs–­“T1’š–Ú19-5’næ,ç—tŒ§,sìs,–­“T1’š–Ú,19-5,’næ,,35.69761228,139.9266463,,,,,,,,,https://www.city.ichikawa.lg.jp/res04/1421000001.html,,,
122033,,sìs,ŠX“ª–h”ÆƒJƒƒ‰169,¶Ş²Ä³ÎŞ³Êİ¶Ò×169,,,,,122033,,ç—tŒ§sìs––L1’š–Ú4,ç—tŒ§,sìs,––L1’š–Ú,4,,“Œ‰«Œö‰€“à,35.68492367,139.9184385,,,,,,,,,https://www.city.ichikawa.lg.jp/res04/1421000001.html,,,
122033,,sìs,ŠX“ª–h”ÆƒJƒƒ‰170,¶Ş²Ä³ÎŞ³Êİ¶Ò×170,,,,,122033,,ç—tŒ§sìsK2’š–Ú12-18’næ,ç—tŒ§,sìs,K2’š–Ú,12-18,’næ,“ìV•lŒö‰€•t‹ß,35.67798667,139.9244195,,,,,,,,,https://www.city.ichikawa.lg.jp/res04/1421000001.html,,,
122033,,sìs,ŠX“ª–h”ÆƒJƒƒ‰171,¶Ş²Ä³ÎŞ³Êİ¶Ò×171,,,,,122033,,ç—tŒ§sìs•ó2’š–Ú8,ç—tŒ§,sìs,•ó2’š–Ú,8,,”ª”¦‘OŒö‰€“à,35.68090669,139.9239075,,,,,,,,,https://www.city.ichikawa.lg.jp/res04/1421000001.html,,,
122033,,sìs,ŠX“ª–h”ÆƒJƒƒ‰172,¶Ş²Ä³ÎŞ³Êİ¶Ò×172,,,,,122033,,ç—tŒ§sìs•x•l1’š–Ú7,ç—tŒ§,sìs,•x•l1’š–Ú,7,,”’–­Œö‰€“à,35.69070767,139.9247125,,,,,,,,,https://www.city.ichikawa.lg.jp/res04/1421000001.html,,,
122033,,sìs,ŠX“ª–h”ÆƒJƒƒ‰173,¶Ş²Ä³ÎŞ³Êİ¶Ò×173,,,,,122033,,ç—tŒ§sìs‰–Ä4’š–Ú10’næ,ç—tŒ§,sìs,‰–Ä4’š–Ú,10,’næ,VêRŒö‰€˜e,35.68702667,139.9320825,,,,,,,,,https://www.city.ichikawa.lg.jp/res04/1421000001.html,,,
122033,,sìs,ŠX“ª–h”ÆƒJƒƒ‰174,¶Ş²Ä³ÎŞ³Êİ¶Ò×174,,,,,122033,,ç—tŒ§sìs‰–Ä3’š–Ú10,ç—tŒ§,sìs,‰–Ä3’š–Ú,10,,‚İ‚±‚µŒö‰€“à,35.68504367,139.9240685,,,,,,,,,https://www.city.ichikawa.lg.jp/res04/1421000001.html,,,
122033,,sìs,ŠX“ª–h”ÆƒJƒƒ‰175,¶Ş²Ä³ÎŞ³Êİ¶Ò×175,,,,,122033,,ç—tŒ§sìsL”ö1’š–Ú11,ç—tŒ§,sìs,L”ö1’š–Ú,11,,L”öŒö‰€“à,35.67720067,139.8917025,,,,,,,,,https://www.city.ichikawa.lg.jp/res04/1421000001.html,,,
122033,,sìs,ŠX“ª–h”ÆƒJƒƒ‰176,¶Ş²Ä³ÎŞ³Êİ¶Ò×176,,,,,122033,,ç—tŒ§sìs“‡K1-40,ç—tŒ§,sìs,“‡K,1-40,,“‡K¼Œö‰€“à,35.67458367,139.8863995,,,,,,,,,https://www.city.ichikawa.lg.jp/res04/1421000001.html,,,
122033,,sìs,ŠX“ª–h”ÆƒJƒƒ‰177,¶Ş²Ä³ÎŞ³Êİ¶Ò×177,,,,,122033,,ç—tŒ§sìs“ìs“¿4’š–Ú2’næ,ç—tŒ§,sìs,“ìs“¿4’š–Ú,2,’næ,“ŒŠC–ÊŒö‰€•t‹ß,35.66541867,139.9081305,,,,,,,,,https://www.city.ichikawa.lg.jp/res04/1421000001.html,,,
122033,,sìs,ŠX“ª–h”ÆƒJƒƒ‰178,¶Ş²Ä³ÎŞ³Êİ¶Ò×178,,,,,122033,,ç—tŒ§sìs“ìs“¿2’š–Ú8,ç—tŒ§,sìs,“ìs“¿2’š–Ú,8,,‚â‚Ü‚ä‚èŒö‰€“à,35.67035867,139.9074365,,,,,,,,,https://www.city.ichikawa.lg.jp/res04/1421000001.html,,,
122033,,sìs,ŠX“ª–h”ÆƒJƒƒ‰179,¶Ş²Ä³ÎŞ³Êİ¶Ò×179,,,,,122033,,ç—tŒ§sìsŒ‡^ŠÔ2’š–Ú18-6’næ,ç—tŒ§,sìs,Œ‡^ŠÔ2’š–Ú,18-6,’næ,º°Ìßs“¿•t‹ß,35.67884567,139.9033835,,,,,,,,,https://www.city.ichikawa.lg.jp/res04/1421000001.html,,,
122033,,sìs,ŠX“ª–h”ÆƒJƒƒ‰180,¶Ş²Ä³ÎŞ³Êİ¶Ò×180,,,,,122033,,ç—tŒ§sìss“¿‰w‘O4’š–Ú4,ç—tŒ§,sìs,s“¿‰w‘O4’š–Ú,4,,“ŒªŒö‰€“à,35.67870567,139.9168935,,,,,,,,,https://www.city.ichikawa.lg.jp/res04/1421000001.html,,,
122033,,sìs,ŠX“ª–h”ÆƒJƒƒ‰181,¶Ş²Ä³ÎŞ³Êİ¶Ò×181,,,,,122033,,ç—tŒ§sìs‰–•l4’š–Ú2-16’næ,ç—tŒ§,sìs,‰–•l4’š–Ú,2-16,’næ,ƒnƒCƒ^ƒEƒ“‰–•l•t‹ß,35.66441467,139.9104135,,,,,,,,,https://www.city.ichikawa.lg.jp/res04/1421000001.html,,,
122033,,sìs,ŠX“ª–h”ÆƒJƒƒ‰182,¶Ş²Ä³ÎŞ³Êİ¶Ò×182,,,,,122033,,ç—tŒ§sìs•Ÿ‰h3’š–Ú4’næ,ç—tŒ§,sìs,•Ÿ‰h3’š–Ú,4,’næ,s“¿ƒOƒ‰ƒ“ƒhƒnƒCƒc•t‹ß,35.67482767,139.9095895,,,,,,,,,https://www.city.ichikawa.lg.jp/res04/1421000001.html,,,
122033,,sìs,ŠX“ª–h”ÆƒJƒƒ‰183,¶Ş²Ä³ÎŞ³Êİ¶Ò×183,,,,,122033,,ç—tŒ§sìs‘•{‘ä3’š–Ú9,ç—tŒ§,sìs,‘•{‘ä3’š–Ú,9,,—¢Œ©Œö‰€“àƒoƒ‰‰€˜e,35.74679167,139.8997815,,,,,,,,,https://www.city.ichikawa.lg.jp/res04/1421000001.html,,,
122033,,sìs,ŠX“ª–h”ÆƒJƒƒ‰184,¶Ş²Ä³ÎŞ³Êİ¶Ò×184,,,,,122033,,ç—tŒ§sìs‘•{‘ä3’š–Ú9,ç—tŒ§,sìs,‘•{‘ä3’š–Ú,9,,—¢Œ©Œö‰€“àŠÇ—“‹y‚Ñ—Î‚ÌŠî‹à“‚Ì“ì‘¤,35.74660667,139.8998505,,,,,,,,,https://www.city.ichikawa.lg.jp/res04/1421000001.html,,,
122033,,sìs,ŠX“ª–h”ÆƒJƒƒ‰185,¶Ş²Ä³ÎŞ³Êİ¶Ò×185,,,,,122033,,ç—tŒ§sìssì2’š–Ú33-2’næ,ç—tŒ§,sìs,sì2’š–Ú,33-2,’næ,,35.73094667,139.9068005,,,,,,,,,https://www.city.ichikawa.lg.jp/res04/1421000001.html,,,
122033,,sìs,ŠX“ª–h”ÆƒJƒƒ‰186,¶Ş²Ä³ÎŞ³Êİ¶Ò×186,,,,,122033,,ç—tŒ§sìssì4’š–Ú6-11’næ,ç—tŒ§,sìs,sì4’š–Ú,6-11,’næ,,35.73932667,139.9032415,,,,,,,,,https://www.city.ichikawa.lg.jp/res04/1421000001.html,,,
122033,,sìs,ŠX“ª–h”ÆƒJƒƒ‰187,¶Ş²Ä³ÎŞ³Êİ¶Ò×187,,,,,122033,,ç—tŒ§sìsV“c1’š–Ú3-1,ç—tŒ§,sìs,V“c1’š–Ú,3-1,,V“cŒÓ˜^_Ğ,35.72778267,139.9165714,,,,,,,,,https://www.city.ichikawa.lg.jp/res04/1421000001.html,,,
122033,,sìs,ŠX“ª–h”ÆƒJƒƒ‰188,¶Ş²Ä³ÎŞ³Êİ¶Ò×188,,,,,122033,,ç—tŒ§sìsV“c4’š–Ú15-5’næ,ç—tŒ§,sìs,V“c4’š–Ú,15-5,’næ,,35.72423367,139.9098155,,,,,,,,,https://www.city.ichikawa.lg.jp/res04/1421000001.html,,,
122033,,sìs,ŠX“ª–h”ÆƒJƒƒ‰189,¶Ş²Ä³ÎŞ³Êİ¶Ò×189,,,,,122033,,ç—tŒ§sìs‘åF2’š–Ú9-24’næ,ç—tŒ§,sìs,‘åF2’š–Ú,9-24,’næ,,35.71680367,139.9089275,,,,,,,,,https://www.city.ichikawa.lg.jp/res04/1421000001.html,,,
122033,,sìs,ŠX“ª–h”ÆƒJƒƒ‰190,¶Ş²Ä³ÎŞ³Êİ¶Ò×190,,,,,122033,,ç—tŒ§sìs^ŠÔ5’š–Ú13-13’næ,ç—tŒ§,sìs,^ŠÔ5’š–Ú,13-13,’næ,,35.74077267,139.9108295,,,,,,,,,https://www.city.ichikawa.lg.jp/res04/1421000001.html,,,
122033,,sìs,ŠX“ª–h”ÆƒJƒƒ‰191,¶Ş²Ä³ÎŞ³Êİ¶Ò×191,,,,,122033,,ç—tŒ§sìs”ª”¦6’š–Ú3-20’næ,ç—tŒ§,sìs,”ª”¦6’š–Ú,3-20,’næ,,35.72804367,139.9341484,,,,,,,,,https://www.city.ichikawa.lg.jp/res04/1421000001.html,,,
122033,,sìs,ŠX“ª–h”ÆƒJƒƒ‰192,¶Ş²Ä³ÎŞ³Êİ¶Ò×192,,,,,122033,,ç—tŒ§sìs“ì”ª”¦1’š–Ú11-8’næ,ç—tŒ§,sìs,“ì”ª”¦1’š–Ú,11-8,’næ,,35.71769167,139.9304225,,,,,,,,,https://www.city.ichikawa.lg.jp/res04/1421000001.html,,,
122033,,sìs,ŠX“ª–h”ÆƒJƒƒ‰193,¶Ş²Ä³ÎŞ³Êİ¶Ò×193,,,,,122033,,ç—tŒ§sìs“ì”ª”¦4’š–Ú1-7’næ,ç—tŒ§,sìs,“ì”ª”¦4’š–Ú,1-7,’næ,‚¢‚¿‚©‚íî•ñƒvƒ‰ƒUŒğ·“_,35.72035067,139.9269095,,,,,,,,,https://www.city.ichikawa.lg.jp/res04/1421000001.html,,,
122033,,sìs,ŠX“ª–h”ÆƒJƒƒ‰194,¶Ş²Ä³ÎŞ³Êİ¶Ò×194,,,,,122033,,ç—tŒ§sìs“Œ›–ì2’š–Ú2-1’næ,ç—tŒ§,sìs,“Œ›–ì2’š–Ú,2-1,’næ,,35.72997967,139.9287435,,,,,,,,,https://www.city.ichikawa.lg.jp/res04/1421000001.html,,,
122033,,sìs,ŠX“ª–h”ÆƒJƒƒ‰195,¶Ş²Ä³ÎŞ³Êİ¶Ò×195,,,,,122033,,ç—tŒ§sìs“Œ›–ì5’š–Ú13-20’næ,ç—tŒ§,sìs,“Œ›–ì5’š–Ú,13-20,’næ,,35.73464967,139.9463685,,,,,,,,,https://www.city.ichikawa.lg.jp/res04/1421000001.html,,,
122033,,sìs,ŠX“ª–h”ÆƒJƒƒ‰196,¶Ş²Ä³ÎŞ³Êİ¶Ò×196,,,,,122033,,ç—tŒ§sìs›–ì3’š–Ú23’næ,ç—tŒ§,sìs,›–ì3’š–Ú,23,’næ,,35.73160867,139.9169925,,,,,,,,,https://www.city.ichikawa.lg.jp/res04/1421000001.html,,,
122033,,sìs,ŠX“ª–h”ÆƒJƒƒ‰197,¶Ş²Ä³ÎŞ³Êİ¶Ò×197,,,,,122033,,ç—tŒ§sìs‘]’J4’š–Ú11-6’næ,ç—tŒ§,sìs,‘]’J4’š–Ú,11-6,’næ,,35.74691367,139.9311145,,,,,,,,,https://www.city.ichikawa.lg.jp/res04/1421000001.html,,,
122033,,sìs,ŠX“ª–h”ÆƒJƒƒ‰198,¶Ş²Ä³ÎŞ³Êİ¶Ò×198,,,,,122033,,ç—tŒ§sìs‘]’J7’š–Ú11,ç—tŒ§,sìs,‘]’J7’š–Ú,11,,’C‚ÌŒûŒö‰€,35.74570567,139.9254685,,,,,,,,,https://www.city.ichikawa.lg.jp/res04/1421000001.html,,,
122033,,sìs,ŠX“ª–h”ÆƒJƒƒ‰199,¶Ş²Ä³ÎŞ³Êİ¶Ò×199,,,,,122033,,ç—tŒ§sìs‹{‹v•Û5’š–Ú8-9’næ,ç—tŒ§,sìs,‹{‹v•Û5’š–Ú,8-9,’næ,,35.73667667,139.9428444,,,,,,,,,https://www.city.ichikawa.lg.jp/res04/1421000001.html,,,
122033,,sìs,ŠX“ª–h”ÆƒJƒƒ‰200,¶Ş²Ä³ÎŞ³Êİ¶Ò×200,,,,,122033,,ç—tŒ§sìs‰ºŠL’Ë2’š–Ú26-10’næ,ç—tŒ§,sìs,‰ºŠL’Ë2’š–Ú,26-10,’næ,,35.74605167,139.9420845,,,,,,,,,https://www.city.ichikawa.lg.jp/res04/1421000001.html,,,
122033,,sìs,ŠX“ª–h”ÆƒJƒƒ‰201,¶Ş²Ä³ÎŞ³Êİ¶Ò×201,,,,,122033,,ç—tŒ§sìs‹S‚2’š–Ú4-11’næ,ç—tŒ§,sìs,‹S‚2’š–Ú,4-11,’næ,,35.71575367,139.9380165,,,,,,,,,https://www.city.ichikawa.lg.jp/res04/1421000001.html,,,
122033,,sìs,ŠX“ª–h”ÆƒJƒƒ‰202,¶Ş²Ä³ÎŞ³Êİ¶Ò×202,,,,,122033,,ç—tŒ§sìsá‹{3’š–Ú20,ç—tŒ§,sìs,á‹{3’š–Ú,20,,á‹{™“¶Œö‰€,35.72438167,139.9529904,,,,,,,,,https://www.city.ichikawa.lg.jp/res04/1421000001.html,,,
122033,,sìs,ŠX“ª–h”ÆƒJƒƒ‰203,¶Ş²Ä³ÎŞ³Êİ¶Ò×203,,,,,122033,,ç—tŒ§sìs–k•û1’š–Ú12-3,ç—tŒ§,sìs,–k•û1’š–Ú,12-3,,–k•û™“¶Œö‰€iH–‚Ì‚½‚ßˆê“P‹’†j,35.72233867,139.9381125,,,,,,,,,https://www.city.ichikawa.lg.jp/res04/1421000001.html,,,
122033,,sìs,ŠX“ª–h”ÆƒJƒƒ‰204,¶Ş²Ä³ÎŞ³Êİ¶Ò×204,,,,,122033,,ç—tŒ§sìs–k•û2’š–Ú29-19’næ,ç—tŒ§,sìs,–k•û2’š–Ú,29-19,’næ,–k•û‘æ2™“¶Œö‰€•t‹ß,35.72512367,139.9408214,,,,,,,,,https://www.city.ichikawa.lg.jp/res04/1421000001.html,,,
122033,,sìs,ŠX“ª–h”ÆƒJƒƒ‰205,¶Ş²Ä³ÎŞ³Êİ¶Ò×205,,,,,122033,,ç—tŒ§sìs–k•û’¬4’š–Ú1895’næ,ç—tŒ§,sìs,–k•û’¬4’š–Ú,1895,’næ,,35.73202667,139.9605605,,,,,,,,,https://www.city.ichikawa.lg.jp/res04/1421000001.html,,,
122033,,sìs,ŠX“ª–h”ÆƒJƒƒ‰206,¶Ş²Ä³ÎŞ³Êİ¶Ò×206,,,,,122033,,ç—tŒ§sìs‘•ª5’š–Ú3-26’næ,ç—tŒ§,sìs,‘•ª5’š–Ú,3-26,’næ,,35.74472569,139.9179664,,,,,,,,,https://www.city.ichikawa.lg.jp/res04/1421000001.html,,,
122033,,sìs,ŠX“ª–h”ÆƒJƒƒ‰207,¶Ş²Ä³ÎŞ³Êİ¶Ò×207,,,,,122033,,ç—tŒ§sìs–k‘•ª4’š–Ú27-7’næ,ç—tŒ§,sìs,–k‘•ª4’š–Ú,27-7,’næ,,35.76433367,139.9111564,,,,,,,,,https://www.city.ichikawa.lg.jp/res04/1421000001.html,,,
122033,,sìs,ŠX“ª–h”ÆƒJƒƒ‰208,¶Ş²Ä³ÎŞ³Êİ¶Ò×208,,,,,122033,,ç—tŒ§sìs‘å–ì’¬1’š–Ú23-1’næ,ç—tŒ§,sìs,‘å–ì’¬1’š–Ú,23-1,’næ,,35.74829567,139.9427345,,,,,,,,,https://www.city.ichikawa.lg.jp/res04/1421000001.html,,,
122033,,sìs,ŠX“ª–h”ÆƒJƒƒ‰209,¶Ş²Ä³ÎŞ³Êİ¶Ò×209,,,,,122033,,ç—tŒ§sìs‘å–ì’¬3’š–Ú293,ç—tŒ§,sìs,‘å–ì’¬3’š–Ú,293,,‚İ‚©‚ÇŒö‰€,35.75838667,139.9521455,,,,,,,,,https://www.city.ichikawa.lg.jp/res04/1421000001.html,,,
122033,,sìs,ŠX“ª–h”ÆƒJƒƒ‰210,¶Ş²Ä³ÎŞ³Êİ¶Ò×210,,,,,122033,,ç—tŒ§sìs”ˆä’¬1’š–Ú1779-12’næ,ç—tŒ§,sìs,”ˆä’¬1’š–Ú,1779-12,’næ,,35.73607867,139.9727425,,,,,,,,,https://www.city.ichikawa.lg.jp/res04/1421000001.html,,,
122033,,sìs,ŠX“ª–h”ÆƒJƒƒ‰211,¶Ş²Ä³ÎŞ³Êİ¶Ò×211,,,,,122033,,ç—tŒ§sìs”ˆä’¬2’š–Ú680-1’næ,ç—tŒ§,sìs,”ˆä’¬2’š–Ú,680-1,’næ,,35.74188067,139.9646615,,,,,,,,,https://www.city.ichikawa.lg.jp/res04/1421000001.html,,,
122033,,sìs,ŠX“ª–h”ÆƒJƒƒ‰212,¶Ş²Ä³ÎŞ³Êİ¶Ò×212,,,,,122033,,ç—tŒ§sìs”ˆä’¬3’š–Ú149-44’næ,ç—tŒ§,sìs,”ˆä’¬3’š–Ú,149-44,’næ,h”V‰º‹´‚ÌåÔ,35.74947367,139.9593715,,,,,,,,,https://www.city.ichikawa.lg.jp/res04/1421000001.html,,,
122033,,sìs,ŠX“ª–h”ÆƒJƒƒ‰213,¶Ş²Ä³ÎŞ³Êİ¶Ò×213,,,,,122033,,ç—tŒ§sìs‘å’¬124-3’næ,ç—tŒ§,sìs,‘å’¬,124-3,’næ,,35.77433367,139.9629095,,,,,,,,,https://www.city.ichikawa.lg.jp/res04/1421000001.html,,,
122033,,sìs,ŠX“ª–h”ÆƒJƒƒ‰214,¶Ş²Ä³ÎŞ³Êİ¶Ò×214,,,,,122033,,ç—tŒ§sìs”ˆä’¬2’š–Ú27-1’næ,ç—tŒ§,sìs,”ˆä’¬2’š–Ú,27-1,’næ,,35.74468467,139.9562495,,,,,,,,,https://www.city.ichikawa.lg.jp/res04/1421000001.html,,,
122033,,sìs,ŠX“ª–h”ÆƒJƒƒ‰215,¶Ş²Ä³ÎŞ³Êİ¶Ò×215,,,,,122033,,ç—tŒ§sìs•ò–Æ’¬310-1’næ,ç—tŒ§,sìs,•ò–Æ’¬,310-1,’næ,,35.73935667,139.9566945,,,,,,,,,https://www.city.ichikawa.lg.jp/res04/1421000001.html,,,
122033,,sìs,ŠX“ª–h”ÆƒJƒƒ‰216,¶Ş²Ä³ÎŞ³Êİ¶Ò×216,,,,,122033,,ç—tŒ§sìs‘å’¬72’næ,ç—tŒ§,sìs,‘å’¬,72,’næ,,35.76747567,139.9585935,,,,,,,,,https://www.city.ichikawa.lg.jp/res04/1421000001.html,,,
122033,,sìs,ŠX“ª–h”ÆƒJƒƒ‰217,¶Ş²Ä³ÎŞ³Êİ¶Ò×217,,,,,122033,,ç—tŒ§sìs”ˆä’¬1’š–Ú1029,ç—tŒ§,sìs,”ˆä’¬1’š–Ú,1029,,,35.73878867,139.9705005,,,,,,,,,https://www.city.ichikawa.lg.jp/res04/1421000001.html,,,
122033,,sìs,ŠX“ª–h”ÆƒJƒƒ‰218,¶Ş²Ä³ÎŞ³Êİ¶Ò×218,,,,,122033,,ç—tŒ§sìs“cK2’š–Ú5-11’næ,ç—tŒ§,sìs,“cK2’š–Ú,5-11,’næ,,35.70563067,139.9326995,,,,,,,,,https://www.city.ichikawa.lg.jp/res04/1421000001.html,,,
122033,,sìs,ŠX“ª–h”ÆƒJƒƒ‰219,¶Ş²Ä³ÎŞ³Êİ¶Ò×219,,,,,122033,,ç—tŒ§sìsŒ´–Ø3’š–Ú13-14’næ,ç—tŒ§,sìs,Œ´–Ø3’š–Ú,13-14,’næ,,35.70142767,139.9529775,,,,,,,,,https://www.city.ichikawa.lg.jp/res04/1421000001.html,,,
122033,,sìs,ŠX“ª–h”ÆƒJƒƒ‰220,¶Ş²Ä³ÎŞ³Êİ¶Ò×220,,,,,122033,,ç—tŒ§sìsŒ´–Ø4’š–Ú7 ,ç—tŒ§,sìs,Œ´–Ø4’š–Ú,7 ,,Œ´–Ø‹´Œö‰€“à,35.69654767,139.9508365,,,,,,,,,https://www.city.ichikawa.lg.jp/res04/1421000001.html,,,
122033,,sìs,ŠX“ª–h”ÆƒJƒƒ‰221,¶Ş²Ä³ÎŞ³Êİ¶Ò×221,,,,,122033,,ç—tŒ§sìs–{s“¿25-20,ç—tŒ§,sìs,–{s“¿,25-20,,”ª”¦‹{,35.69224167,139.9173715,,,,,,,,,https://www.city.ichikawa.lg.jp/res04/1421000001.html,,,
122033,,sìs,ŠX“ª–h”ÆƒJƒƒ‰222,¶Ş²Ä³ÎŞ³Êİ¶Ò×222,,,,,122033,,ç—tŒ§sìs‰ÍŒ´6-20,ç—tŒ§,sìs,‰ÍŒ´,6-20,,‰ÍŒ´t“ú_Ğ,35.70016167,139.9216785,,,,,,,,,https://www.city.ichikawa.lg.jp/res04/1421000001.html,,,
122033,,sìs,ŠX“ª–h”ÆƒJƒƒ‰223,¶Ş²Ä³ÎŞ³Êİ¶Ò×223,,,,,122033,,ç—tŒ§sìs–­“T3’š–Ú6-11,ç—tŒ§,sìs,–­“T3’š–Ú,6-11,,t“ú_Ğ,35.69546567,139.9246455,,,,,,,,,https://www.city.ichikawa.lg.jp/res04/1421000001.html,,,
122033,,sìs,ŠX“ª–h”ÆƒJƒƒ‰224,¶Ş²Ä³ÎŞ³Êİ¶Ò×224,,,,,122033,,ç—tŒ§sìs•x•l2’š–Ú15,ç—tŒ§,sìs,•x•l2’š–Ú,15,,‚·‚¢‚¹‚ñŒö‰€,35.68784967,139.9243585,,,,,,,,,https://www.city.ichikawa.lg.jp/res04/1421000001.html,,,
122033,,sìs,ŠX“ª–h”ÆƒJƒƒ‰225,¶Ş²Ä³ÎŞ³Êİ¶Ò×225,,,,,122033,,ç—tŒ§sìs•ó1’š–Ú7,ç—tŒ§,sìs,•ó1’š–Ú,7,,‰º“¹Œö‰€,35.68293267,139.9269355,,,,,,,,,https://www.city.ichikawa.lg.jp/res04/1421000001.html,,,
122033,,sìs,ŠX“ª–h”ÆƒJƒƒ‰226,¶Ş²Ä³ÎŞ³Êİ¶Ò×226,,,,,122033,,ç—tŒ§sìs‰–Ä2’š–Ú10’næ,ç—tŒ§,sìs,‰–Ä2’š–Ú,10,’næ,,35.68744867,139.9276415,,,,,,,,,https://www.city.ichikawa.lg.jp/res04/1421000001.html,,,
122033,,sìs,ŠX“ª–h”ÆƒJƒƒ‰227,¶Ş²Ä³ÎŞ³Êİ¶Ò×227,,,,,122033,,ç—tŒ§sìs•ó1’š–Ú2-6’næ,ç—tŒ§,sìs,•ó1’š–Ú,2-6,’næ,,35.68277167,139.9287005,,,,,,,,,https://www.city.ichikawa.lg.jp/res04/1421000001.html,,,
122033,,sìs,ŠX“ª–h”ÆƒJƒƒ‰228,¶Ş²Ä³ÎŞ³Êİ¶Ò×228,,,,,122033,,ç—tŒ§sìsK2’š–Ú1,ç—tŒ§,sìs,K2’š–Ú,1,,™“¶Œö‰€,35.68049967,139.9270435,,,,,,,,,https://www.city.ichikawa.lg.jp/res04/1421000001.html,,,
122033,,sìs,ŠX“ª–h”ÆƒJƒƒ‰229,¶Ş²Ä³ÎŞ³Êİ¶Ò×229,,,,,122033,,ç—tŒ§sìs‘Š”Vì4’š–Ú1,ç—tŒ§,sìs,‘Š”Vì4’š–Ú,1,,“ìs“¿Œö‰€,35.67514767,139.9006425,,,,,,,,,https://www.city.ichikawa.lg.jp/res04/1421000001.html,,,
122033,,sìs,ŠX“ª–h”ÆƒJƒƒ‰230,¶Ş²Ä³ÎŞ³Êİ¶Ò×230,,,,,122033,,ç—tŒ§sìs•Ÿ‰h2’š–Ú14,ç—tŒ§,sìs,•Ÿ‰h2’š–Ú,14,,–©V“cŒö‰€,35.67605867,139.9125455,,,,,,,,,https://www.city.ichikawa.lg.jp/res04/1421000001.html,,,
122033,,sìs,ŠX“ª–h”ÆƒJƒƒ‰231,¶Ş²Ä³ÎŞ³Êİ¶Ò×231,,,,,122033,,ç—tŒ§sìs“ìs“¿3’š–Ú4-1’næ,ç—tŒ§,sìs,“ìs“¿3’š–Ú,4-1,’næ,,35.66824967,139.9038845,,,,,,,,,https://www.city.ichikawa.lg.jp/res04/1421000001.html,,,
122033,,sìs,ŠX“ª–h”ÆƒJƒƒ‰232,¶Ş²Ä³ÎŞ³Êİ¶Ò×232,,,,,122033,,ç—tŒ§sìs‘å–ì’¬1’š–Ú503-1’næ,ç—tŒ§,sìs,‘å–ì’¬1’š–Ú,503-1,’næ,,35.74678267,139.9496035,,,,,,,,,https://www.city.ichikawa.lg.jp/res04/1421000001.html,,,
122033,,sìs,ŠX“ª–h”ÆƒJƒƒ‰233,¶Ş²Ä³ÎŞ³Êİ¶Ò×233,,,,,122033,,ç—tŒ§sìsˆî‰×–Ø2’š–Ú21’næ,ç—tŒ§,sìs,ˆî‰×–Ø2’š–Ú,21,’næ,s“¿‹´–k‹l,35.70508,139.92408,,,,,,,,,https://www.city.ichikawa.lg.jp/res04/1421000001.html,,,
122033,,sìs,ŠX“ª–h”ÆƒJƒƒ‰234,¶Ş²Ä³ÎŞ³Êİ¶Ò×234,,,,,122033,,ç—tŒ§sìs‘å–ì’¬2’š–Ú774-1’næ,ç—tŒ§,sìs,‘å–ì’¬2’š–Ú,774-1,’næ,,35.75443467,139.9465325,,,,,,,,,https://www.city.ichikawa.lg.jp/res04/1421000001.html,,,
122033,,sìs,ŠX“ª–h”ÆƒJƒƒ‰8,¶Ş²Ä³ÎŞ³Êİ¶Ò×8,,,,,122033,,ç—tŒ§sìs‘•ª2’š–Ú22-17’næ,ç—tŒ§,sìs,‘•ª2’š–Ú,22-17,’næ,,35.74381767,139.9190604,,,,,,,,,https://www.city.ichikawa.lg.jp/res04/1421000001.html,,,
122033,,sìs,ŠX“ª–h”ÆƒJƒƒ‰9,¶Ş²Ä³ÎŞ³Êİ¶Ò×9,,,,,122033,,ç—tŒ§sìs‘å–ì’¬2’š–Ú1877’næ,ç—tŒ§,sìs,‘å–ì’¬2’š–Ú,1877,’næ,,35.75085367,139.9531895,,,,,,,,,https://www.city.ichikawa.lg.jp/res04/1421000001.html,,,
122033,,sìs,ŠX“ª–h”ÆƒJƒƒ‰10,¶Ş²Ä³ÎŞ³Êİ¶Ò×10,,,,,122033,,ç—tŒ§sìs‘•{‘ä4’š–Ú3-15’næ,ç—tŒ§,sìs,‘•{‘ä4’š–Ú,3-15,’næ,,35.74880767,139.9006875,,,,,,,,,https://www.city.ichikawa.lg.jp/res04/1421000001.html,,,
122033,,sìs,ŠX“ª–h”ÆƒJƒƒ‰11,¶Ş²Ä³ÎŞ³Êİ¶Ò×11,,,,,122033,,ç—tŒ§sìs•½“c3’š–Ú10-10’næ,ç—tŒ§,sìs,•½“c3’š–Ú,10-10,’næ,,35.72440569,139.9187335,,,,,,,,,https://www.city.ichikawa.lg.jp/res04/1421000001.html,,,
122033,,sìs,ŠX“ª–h”ÆƒJƒƒ‰12,¶Ş²Ä³ÎŞ³Êİ¶Ò×12,,,,,122033,,ç—tŒ§sìs‹S‚2’š–Ú19’næ,ç—tŒ§,sìs,‹S‚2’š–Ú,19,’næ,,35.71562569,139.9377695,,,,,,,,,https://www.city.ichikawa.lg.jp/res04/1421000001.html,,,
122033,,sìs,ŠX“ª–h”ÆƒJƒƒ‰13,¶Ş²Ä³ÎŞ³Êİ¶Ò×13,,,,,122033,,ç—tŒ§sìsŠÖƒ–“‡11-12’næ,ç—tŒ§,sìs,ŠÖƒ–“‡,11-12,’næ,,35.68958367,139.9172455,,,,,,,,,https://www.city.ichikawa.lg.jp/res04/1421000001.html,,,
122033,,sìs,ŠX“ª–h”ÆƒJƒƒ‰14,¶Ş²Ä³ÎŞ³Êİ¶Ò×14,,,,,122033,,ç—tŒ§sìsˆî‰×–Ø2’š–Ú20’næ,ç—tŒ§,sìs,ˆî‰×–Ø2’š–Ú,20,’næ,,35.70596167,139.9252375,,,,,,,,,https://www.city.ichikawa.lg.jp/res04/1421000001.html,,,
122033,,sìs,ŠX“ª–h”ÆƒJƒƒ‰15,¶Ş²Ä³ÎŞ³Êİ¶Ò×15,,,,,122033,,ç—tŒ§sìs‘å˜a“c5’š–Ú9-5’næ,ç—tŒ§,sìs,‘å˜a“c5’š–Ú,9-5,’næ,,35.71474367,139.9144715,,,,,,,,,https://www.city.ichikawa.lg.jp/res04/1421000001.html,,,
122033,,sìs,ŠX“ª–h”ÆƒJƒƒ‰16,¶Ş²Ä³ÎŞ³Êİ¶Ò×16,,,,,122033,,ç—tŒ§sìs–x”V“à4’š–Ú3-10’næ,ç—tŒ§,sìs,–x”V“à4’š–Ú,3-10,’næ,,35.75836267,139.9165475,,,,,,,,,https://www.city.ichikawa.lg.jp/res04/1421000001.html,,,
122033,,sìs,ŠX“ª–h”ÆƒJƒƒ‰17,¶Ş²Ä³ÎŞ³Êİ¶Ò×17,,,,,122033,,ç—tŒ§sìs‘å’¬188-2’næ,ç—tŒ§,sìs,‘å’¬,188-2,’næ,,35.76919267,139.9730345,,,,,,,,,https://www.city.ichikawa.lg.jp/res04/1421000001.html,,,
122033,,sìs,ŠX“ª–h”ÆƒJƒƒ‰18,¶Ş²Ä³ÎŞ³Êİ¶Ò×18,,,,,122033,,ç—tŒ§sìs‘å–ì’¬1’š–Ú137’næ,ç—tŒ§,sìs,‘å–ì’¬1’š–Ú,137,’næ,,35.74426167,139.9473524,,,,,,,,,https://www.city.ichikawa.lg.jp/res04/1421000001.html,,,
122033,,sìs,ŠX“ª–h”ÆƒJƒƒ‰19,¶Ş²Ä³ÎŞ³Êİ¶Ò×19,,,,,122033,,ç—tŒ§sìs‰–•l4’š–Ú5’næ,ç—tŒ§,sìs,‰–•l4’š–Ú,5,’næ,,35.66555667,139.9142004,,,,,,,,,https://www.city.ichikawa.lg.jp/res04/1421000001.html,,,
122033,,sìs,ŠX“ª–h”ÆƒJƒƒ‰20,¶Ş²Ä³ÎŞ³Êİ¶Ò×20,,,,,122033,,ç—tŒ§sìs‰ºVh18’næ,ç—tŒ§,sìs,‰ºVh,18,’næ,,35.69584267,139.9224565,,,,,,,,,https://www.city.ichikawa.lg.jp/res04/1421000001.html,,,
122033,,sìs,ŠX“ª–h”ÆƒJƒƒ‰46,¶Ş²Ä³ÎŞ³Êİ¶Ò×46,,,,,122033,,ç—tŒ§sìssì1’š–Ú19-15’næ,ç—tŒ§,sìs,sì1’š–Ú,19-15,’næ,,35.73269667,139.9092175,,,,,,,,,https://www.city.ichikawa.lg.jp/res04/1421000001.html,,,
122033,,sìs,ŠX“ª–h”ÆƒJƒƒ‰47,¶Ş²Ä³ÎŞ³Êİ¶Ò×47,,,,,122033,,ç—tŒ§sìssì2’š–Ú30-14’næ,ç—tŒ§,sìs,sì2’š–Ú,30-14,’næ,,35.73312867,139.9058185,,,,,,,,,https://www.city.ichikawa.lg.jp/res04/1421000001.html,,,
122033,,sìs,ŠX“ª–h”ÆƒJƒƒ‰48,¶Ş²Ä³ÎŞ³Êİ¶Ò×48,,,,,122033,,ç—tŒ§sìs^ŠÔ5’š–Ú11-15’næ,ç—tŒ§,sìs,^ŠÔ5’š–Ú,11-15,’næ,,35.74024367,139.9105634,,,,,,,,,https://www.city.ichikawa.lg.jp/res04/1421000001.html,,,
122033,,sìs,ŠX“ª–h”ÆƒJƒƒ‰49,¶Ş²Ä³ÎŞ³Êİ¶Ò×49,,,,,122033,,ç—tŒ§sìs{˜a“c2’š–Ú427’næ,ç—tŒ§,sìs,{˜a“c2’š–Ú,427,’næ,,35.73860167,139.9119395,,,,,,,,,https://www.city.ichikawa.lg.jp/res04/1421000001.html,,,
122033,,sìs,ŠX“ª–h”ÆƒJƒƒ‰50,¶Ş²Ä³ÎŞ³Êİ¶Ò×50,,,,,122033,,ç—tŒ§sìs–k•û3’š–Ú4-22’næ,ç—tŒ§,sìs,–k•û3’š–Ú,4-22,’næ,,35.72282867,139.9427905,,,,,,,,,https://www.city.ichikawa.lg.jp/res04/1421000001.html,,,
122033,,sìs,ŠX“ª–h”ÆƒJƒƒ‰51,¶Ş²Ä³ÎŞ³Êİ¶Ò×51,,,,,122033,,ç—tŒ§sìs’†R4’š–Ú3-25’næ,ç—tŒ§,sìs,’†R4’š–Ú,3-25,’næ,,35.71903167,139.9456954,,,,,,,,,https://www.city.ichikawa.lg.jp/res04/1421000001.html,,,
122033,,sìs,ŠX“ª–h”ÆƒJƒƒ‰52,¶Ş²Ä³ÎŞ³Êİ¶Ò×52,,,,,122033,,ç—tŒ§sìs›–ì1’š–Ú12-5’næ,ç—tŒ§,sìs,›–ì1’š–Ú,12-5,’næ,,35.72839667,139.9264264,,,,,,,,,https://www.city.ichikawa.lg.jp/res04/1421000001.html,,,
122033,,sìs,ŠX“ª–h”ÆƒJƒƒ‰53,¶Ş²Ä³ÎŞ³Êİ¶Ò×53,,,,,122033,,ç—tŒ§sìsV“c4’š–Ú14’næ,ç—tŒ§,sìs,V“c4’š–Ú,14,’næ,,35.72489567,139.9097915,,,,,,,,,https://www.city.ichikawa.lg.jp/res04/1421000001.html,,,
122033,,sìs,ŠX“ª–h”ÆƒJƒƒ‰54,¶Ş²Ä³ÎŞ³Êİ¶Ò×54,,,,,122033,,ç—tŒ§sìs”ª”¦6’š–Ú10’næ,ç—tŒ§,sìs,”ª”¦6’š–Ú,10,’næ,,35.72739267,139.9375925,,,,,,,,,https://www.city.ichikawa.lg.jp/res04/1421000001.html,,,
122033,,sìs,ŠX“ª–h”ÆƒJƒƒ‰55,¶Ş²Ä³ÎŞ³Êİ¶Ò×55,,,,,122033,,ç—tŒ§sìs–k•û’¬4’š–Ú1756’næ,ç—tŒ§,sìs,–k•û’¬4’š–Ú,1756,’næ,,35.72994267,139.9532914,,,,,,,,,https://www.city.ichikawa.lg.jp/res04/1421000001.html,,,
122033,,sìs,ŠX“ª–h”ÆƒJƒƒ‰56,¶Ş²Ä³ÎŞ³Êİ¶Ò×56,,,,,122033,,ç—tŒ§sìs›–ì5’š–Ú14’næ,ç—tŒ§,sìs,›–ì5’š–Ú,14,’næ,,35.73483967,139.9207825,,,,,,,,,https://www.city.ichikawa.lg.jp/res04/1421000001.html,,,
122033,,sìs,ŠX“ª–h”ÆƒJƒƒ‰57,¶Ş²Ä³ÎŞ³Êİ¶Ò×57,,,,,122033,,ç—tŒ§sìsŒ´–Ø1’š–Ú12-21’næ,ç—tŒ§,sìs,Œ´–Ø1’š–Ú,12-21,’næ,,35.70468567,139.9472325,,,,,,,,,https://www.city.ichikawa.lg.jp/res04/1421000001.html,,,
122033,,sìs,ŠX“ª–h”ÆƒJƒƒ‰58,¶Ş²Ä³ÎŞ³Êİ¶Ò×58,,,,,122033,,ç—tŒ§sìs‚’J3’š–Ú14’næ,ç—tŒ§,sìs,‚’J3’š–Ú,14,’næ,,35.69707067,139.9422755,,,,,,,,,https://www.city.ichikawa.lg.jp/res04/1421000001.html,,,
122033,,sìs,ŠX“ª–h”ÆƒJƒƒ‰59,¶Ş²Ä³ÎŞ³Êİ¶Ò×59,,,,,122033,,ç—tŒ§sìsæ1’š–Ú15-9’næ,ç—tŒ§,sìs,æ1’š–Ú,15-9,’næ,,35.68160567,139.9056225,,,,,,,,,https://www.city.ichikawa.lg.jp/res04/1421000001.html,,,
122033,,sìs,ŠX“ª–h”ÆƒJƒƒ‰60,¶Ş²Ä³ÎŞ³Êİ¶Ò×60,,,,,122033,,ç—tŒ§sìs‹{‹v•Û3’š–Ú29-3’næ,ç—tŒ§,sìs,‹{‹v•Û3’š–Ú,29-3,’næ,,35.73608967,139.9366105,,,,,,,,,https://www.city.ichikawa.lg.jp/res04/1421000001.html,,,
122033,,sìs,ŠX“ª–h”ÆƒJƒƒ‰61,¶Ş²Ä³ÎŞ³Êİ¶Ò×61,,,,,122033,,ç—tŒ§sìs“ñ–“603-2’næ,ç—tŒ§,sìs,“ñ–“,603-2,’næ,,35.69829267,139.9579714,,,,,,,,,https://www.city.ichikawa.lg.jp/res04/1421000001.html,,,
122033,,sìs,ŠX“ª–h”ÆƒJƒƒ‰62,¶Ş²Ä³ÎŞ³Êİ¶Ò×62,,,,,122033,,ç—tŒ§sìs“ñ–“2’š–Ú14-36’næ,ç—tŒ§,sìs,“ñ–“2’š–Ú,14-36,’næ,,35.70260767,139.9581804,,,,,,,,,https://www.city.ichikawa.lg.jp/res04/1421000001.html,,,
122033,,sìs,ŠX“ª–h”ÆƒJƒƒ‰63,¶Ş²Ä³ÎŞ³Êİ¶Ò×63,,,,,122033,,ç—tŒ§sìs‘]’J4’š–Ú7-10’næ,ç—tŒ§,sìs,‘]’J4’š–Ú,7-10,’næ,,35.74555967,139.9311175,,,,,,,,,https://www.city.ichikawa.lg.jp/res04/1421000001.html,,,
122033,,sìs,ŠX“ª–h”ÆƒJƒƒ‰64,¶Ş²Ä³ÎŞ³Êİ¶Ò×64,,,,,122033,,ç—tŒ§sìs‘]’J2’š–Ú8’næ,ç—tŒ§,sìs,‘]’J2’š–Ú,8,’næ,,35.74668267,139.9357875,,,,,,,,,https://www.city.ichikawa.lg.jp/res04/1421000001.html,,,
122033,,sìs,ŠX“ª–h”ÆƒJƒƒ‰65,¶Ş²Ä³ÎŞ³Êİ¶Ò×65,,,,,122033,,ç—tŒ§sìs–{–k•û2’š–Ú32’næ,ç—tŒ§,sìs,–{–k•û2’š–Ú,32,’næ,,35.72937667,139.9483775,,,,,,,,,https://www.city.ichikawa.lg.jp/res04/1421000001.html,,,
122033,,sìs,ŠX“ª–h”ÆƒJƒƒ‰66,¶Ş²Ä³ÎŞ³Êİ¶Ò×66,,,,,122033,,ç—tŒ§sìss“¿‰w‘O1’š–Ú7-10’næ,ç—tŒ§,sìs,s“¿‰w‘O1’š–Ú,7-10,’næ,,35.68344267,139.9167725,,,,,,,,,https://www.city.ichikawa.lg.jp/res04/1421000001.html,,,
122033,,sìs,ŠX“ª–h”ÆƒJƒƒ‰67,¶Ş²Ä³ÎŞ³Êİ¶Ò×67,,,,,122033,,ç—tŒ§sìs‘]’J6’š–Ú10’næ,ç—tŒ§,sìs,‘]’J6’š–Ú,10,’næ,,35.740814,139.927406,,,,,,,,,https://www.city.ichikawa.lg.jp/res04/1421000001.html,,,
122033,,sìs,ŠX“ª–h”ÆƒJƒƒ‰68,¶Ş²Ä³ÎŞ³Êİ¶Ò×68,,,,,122033,,ç—tŒ§sìs“ìs“¿1’š–Ú7’næ,ç—tŒ§,sìs,“ìs“¿1’š–Ú,7,’næ,,35.67304067,139.9053494,,,,,,,,,https://www.city.ichikawa.lg.jp/res04/1421000001.html,,,
122033,,sìs,ŠX“ª–h”ÆƒJƒƒ‰69,¶Ş²Ä³ÎŞ³Êİ¶Ò×69,,,,,122033,,ç—tŒ§sìs•ò–Æ’¬295(7)’næ,ç—tŒ§,sìs,•ò–Æ’¬,295(7),’næ,,35.74090967,139.9588324,,,,,,,,,https://www.city.ichikawa.lg.jp/res04/1421000001.html,,,
122033,,sìs,ŠX“ª–h”ÆƒJƒƒ‰70,¶Ş²Ä³ÎŞ³Êİ¶Ò×70,,,,,122033,,ç—tŒ§sìssì“ì2’š–Ú9’næ,ç—tŒ§,sìs,sì“ì2’š–Ú,9,’næ,,35.72570967,139.9051425,,,,,,,,,https://www.city.ichikawa.lg.jp/res04/1421000001.html,,,
122033,,sìs,ŠX“ª–h”ÆƒJƒƒ‰71,¶Ş²Ä³ÎŞ³Êİ¶Ò×71,,,,,122033,,ç—tŒ§sìsK1’š–Ú14-4’næ,ç—tŒ§,sìs,K1’š–Ú,14-4,’næ,,35.68130269,139.9286604,,,,,,,,,https://www.city.ichikawa.lg.jp/res04/1421000001.html,,,
122033,,sìs,ŠX“ª–h”ÆƒJƒƒ‰72,¶Ş²Ä³ÎŞ³Êİ¶Ò×72,,,,,122033,,ç—tŒ§sìsK1’š–Ú17-10’næ,ç—tŒ§,sìs,K1’š–Ú,17-10,’næ,,35.680018,139.92848,,,,,,,,,https://www.city.ichikawa.lg.jp/res04/1421000001.html,,,
122033,,sìs,ŠX“ª–h”ÆƒJƒƒ‰73,¶Ş²Ä³ÎŞ³Êİ¶Ò×73,,,,,122033,,ç—tŒ§sìsVˆä1’š–Ú11’næ,ç—tŒ§,sìs,Vˆä1’š–Ú,11,’næ,,35.67559067,139.8907365,,,,,,,,,https://www.city.ichikawa.lg.jp/res04/1421000001.html,,,
122033,,sìs,ŠX“ª–h”ÆƒJƒƒ‰74,¶Ş²Ä³ÎŞ³Êİ¶Ò×74,,,,,122033,,ç—tŒ§sìs•Ÿ‰h4’š–Ú14’næ,ç—tŒ§,sìs,•Ÿ‰h4’š–Ú,14,’næ,,35.67292767,139.9138865,,,,,,,,,https://www.city.ichikawa.lg.jp/res04/1421000001.html,,,
122033,,sìs,ŠX“ª–h”ÆƒJƒƒ‰75,¶Ş²Ä³ÎŞ³Êİ¶Ò×75,,,,,122033,,ç—tŒ§sìs•Ÿ‰h2’š–Ú16-24’næ,ç—tŒ§,sìs,•Ÿ‰h2’š–Ú,16-24,’næ,,35.67577969,139.9128305,,,,,,,,,https://www.city.ichikawa.lg.jp/res04/1421000001.html,,,
122033,,sìs,ŠX“ª–h”ÆƒJƒƒ‰76,¶Ş²Ä³ÎŞ³Êİ¶Ò×76,,,,,122033,,ç—tŒ§sìs‰–Ä4’š–Ú9’næ,ç—tŒ§,sìs,‰–Ä4’š–Ú,9,’næ,,35.68583467,139.9313885,,,,,,,,,https://www.city.ichikawa.lg.jp/res04/1421000001.html,,,
122033,,sìs,ŠX“ª–h”ÆƒJƒƒ‰77,¶Ş²Ä³ÎŞ³Êİ¶Ò×77,,,,,122033,,ç—tŒ§sìsˆî‰z’¬378’næ,ç—tŒ§,sìs,ˆî‰z’¬,378,’næ,,35.75462167,139.9280355,,,,,,,,,https://www.city.ichikawa.lg.jp/res04/1421000001.html,,,
122033,,sìs,ŠX“ª–h”ÆƒJƒƒ‰78,¶Ş²Ä³ÎŞ³Êİ¶Ò×78,,,,,122033,,ç—tŒ§sìsˆî‰z’¬437-6’næ,ç—tŒ§,sìs,ˆî‰z’¬,437-6,’næ,,35.75230967,139.9257854,,,,,,,,,https://www.city.ichikawa.lg.jp/res04/1421000001.html,,,
122033,,sìs,ŠX“ª–h”ÆƒJƒƒ‰79,¶Ş²Ä³ÎŞ³Êİ¶Ò×79,,,,,122033,,ç—tŒ§sìs‰–•l4’š–Ú4’næ,ç—tŒ§,sìs,‰–•l4’š–Ú,4,’næ,,35.66420467,139.9128784,,,,,,,,,https://www.city.ichikawa.lg.jp/res04/1421000001.html,,,
122033,,sìs,ŠX“ª–h”ÆƒJƒƒ‰80,¶Ş²Ä³ÎŞ³Êİ¶Ò×80,,,,,122033,,ç—tŒ§sìs“ì”ª”¦1’š–Ú17’næ,ç—tŒ§,sìs,“ì”ª”¦1’š–Ú,17,’næ,,35.71620067,139.9297785,,,,,,,,,https://www.city.ichikawa.lg.jp/res04/1421000001.html,,,
122033,,sìs,ŠX“ª–h”ÆƒJƒƒ‰81,¶Ş²Ä³ÎŞ³Êİ¶Ò×81,,,,,122033,,ç—tŒ§sìs•Ÿ‰h3’š–Ú16-12’næ,ç—tŒ§,sìs,•Ÿ‰h3’š–Ú,16-12,’næ,,35.67233969,139.9077685,,,,,,,,,https://www.city.ichikawa.lg.jp/res04/1421000001.html,,,
122033,,sìs,ŠX“ª–h”ÆƒJƒƒ‰82,¶Ş²Ä³ÎŞ³Êİ¶Ò×82,,,,,122033,,ç—tŒ§sìs•Ÿ‰h1’š–Ú20’næ,ç—tŒ§,sìs,•Ÿ‰h1’š–Ú,20,’næ,,35.67500867,139.9069935,,,,,,,,,https://www.city.ichikawa.lg.jp/res04/1421000001.html,,,
122033,,sìs,ŠX“ª–h”ÆƒJƒƒ‰235,¶Ş²Ä³ÎŞ³Êİ¶Ò×235,,,,,122033,,ç—tŒ§sìssì1’š–Ú1’næ,ç—tŒ§,sìs,sì1’š–Ú,1,’næ,sì‰w–kŒûƒ_ƒCƒG[‘¤,35.72940719,139.9080117,,,,,,,,,https://www.city.ichikawa.lg.jp/res04/1421000001.html,,,
122033,,sìs,ŠX“ª–h”ÆƒJƒƒ‰236,¶Ş²Ä³ÎŞ³Êİ¶Ò×236,,,,,122033,,ç—tŒ§sìssì1’š–Ú1’næ,ç—tŒ§,sìs,sì1’š–Ú,1,’næ,sì‰w–kŒû‰wŠK’i‘¤,35.72937889,139.9078092,,,,,,,,,https://www.city.ichikawa.lg.jp/res04/1421000001.html,,,
122033,,sìs,ŠX“ª–h”ÆƒJƒƒ‰237A238,¶Ş²Ä³ÎŞ³Êİ¶Ò×237A238,,,,,122033,,ç—tŒ§sìssì1’š–Ú1’næ,ç—tŒ§,sìs,sì1’š–Ú,1,’næ,sì‰w–kŒûƒoƒX’â‘¤i‚Q‘äj,35.72953583,139.9074526,,,,,,,,,https://www.city.ichikawa.lg.jp/res04/1421000001.html,,,
122033,,sìs,ŠX“ª–h”ÆƒJƒƒ‰240,¶Ş²Ä³ÎŞ³Êİ¶Ò×240,,,,,122033,,ç—tŒ§sìssì1’š–Ú9’næ,ç—tŒ§,sìs,sì1’š–Ú,9,’næ,,35.72995878,139.9075487,,,,,,,,,https://www.city.ichikawa.lg.jp/res04/1421000001.html,,,
122033,,sìs,ŠX“ª–h”ÆƒJƒƒ‰1027,¶Ş²Ä³ÎŞ³Êİ¶Ò×1027,,,,,122033,,ç—tŒ§sìssì1’š–Ú11’næ,ç—tŒ§,sìs,sì1’š–Ú,11,’næ,,35.73045522,139.906331,,,,,,,,,https://www.city.ichikawa.lg.jp/res04/1421000001.html,,,
122033,,sìs,ŠX“ª–h”ÆƒJƒƒ‰249,¶Ş²Ä³ÎŞ³Êİ¶Ò×249,,,,,122033,,ç—tŒ§sìs”ª”¦3’š–Ú4-1’næ,ç—tŒ§,sìs,”ª”¦3’š–Ú,4-1,’næ,,35.723694,139.926914,,,,,,,,,https://www.city.ichikawa.lg.jp/res04/1421000001.html,,,
122033,,sìs,ŠX“ª–h”ÆƒJƒƒ‰250,¶Ş²Ä³ÎŞ³Êİ¶Ò×250,,,,,122033,,ç—tŒ§sìssì1’š–Ú10-10’næ,ç—tŒ§,sìs,sì1’š–Ú,10-10,’næ,,35.729972,139.90602,,,,,,,,,https://www.city.ichikawa.lg.jp/res04/1421000001.html,,,
122033,,sìs,ŠX“ª–h”ÆƒJƒƒ‰251,¶Ş²Ä³ÎŞ³Êİ¶Ò×251,,,,,122033,,ç—tŒ§sìs‰–•l3’š–Ú11-1’næ,ç—tŒ§,sìs,‰–•l3’š–Ú,11-1,’næ,,35.665935,139.922878,,,,,,,,,https://www.city.ichikawa.lg.jp/res04/1421000001.html,,,
122033,,sìs,ŠX“ª–h”ÆƒJƒƒ‰252,¶Ş²Ä³ÎŞ³Êİ¶Ò×252,,,,,122033,,ç—tŒ§sìs‘å–ì’¬2’š–Ú215’næ,ç—tŒ§,sìs,‘å–ì’¬2’š–Ú,215,’næ,,35.754181,139.951514,,,,,,,,,https://www.city.ichikawa.lg.jp/res04/1421000001.html,,,
122033,,sìs,ŠX“ª–h”ÆƒJƒƒ‰247,¶Ş²Ä³ÎŞ³Êİ¶Ò×247,,,,,122033,,ç—tŒ§sìs”ª”¦5’š–Ú8’næ,ç—tŒ§,sìs,”ª”¦5’š–Ú,8,’næ,©“]Ô•àsÒ“¹i¼‘¤j,35.721608,139.935185,,,,,,,,,https://www.city.ichikawa.lg.jp/res04/1421000001.html,,,
122033,,sìs,ŠX“ª–h”ÆƒJƒƒ‰248,¶Ş²Ä³ÎŞ³Êİ¶Ò×248,,,,,122033,,ç—tŒ§sìs”ª”¦5’š–Ú8’næ,ç—tŒ§,sìs,”ª”¦5’š–Ú,8,’næ,©“]Ô•àsÒ“¹i“Œ‘¤j,35.72153,139.935347,,,,,,,,,https://www.city.ichikawa.lg.jp/res04/1421000001.html,,,
122033,,sìs,ŠX“ª–h”ÆƒJƒƒ‰245,¶Ş²Ä³ÎŞ³Êİ¶Ò×245,,,,,122033,,ç—tŒ§sìs–{–k•û2’š–Ú1’næ,ç—tŒ§,sìs,–{–k•û2’š–Ú,1,’næ,‚³‚³MŒö‰€‘O,35.730992,139.941136,,,,,,,,,https://www.city.ichikawa.lg.jp/res04/1421000001.html,,,
122033,,sìs,ŠX“ª–h”ÆƒJƒƒ‰246,¶Ş²Ä³ÎŞ³Êİ¶Ò×246,,,,,122033,,ç—tŒ§sìs”ª”¦6’š–Ú10’næ,ç—tŒ§,sìs,”ª”¦6’š–Ú,10,’næ,”ª•û‹´Œğ·“_•t‹ß,35.72565,139.93765,,,,,,,,,https://www.city.ichikawa.lg.jp/res04/1421000001.html,,,
122033,,sìs,ŠX“ª–h”ÆƒJƒƒ‰253,¶Ş²Ä³ÎŞ³Êİ¶Ò×253,,,,,122033,,ç—tŒ§sìs”ª”¦2’š–Ú5-8’næ,ç—tŒ§,sìs,”ª”¦2’š–Ú,5-8,’næ,,35.722649,139.926877,,,,,,,,,https://www.city.ichikawa.lg.jp/res04/1421000001.html,,,
122033,,sìs,ŠX“ª–h”ÆƒJƒƒ‰254,¶Ş²Ä³ÎŞ³Êİ¶Ò×254,,,,,122033,,ç—tŒ§sìssì1’š–Ú17-1’næ,ç—tŒ§,sìs,sì1’š–Ú,17-1,’næ,,35.734127,139.908554,,,,,,,,,https://www.city.ichikawa.lg.jp/res04/1421000001.html,,,
122033,,sìs,ŠX“ª–h”ÆƒJƒƒ‰255,¶Ş²Ä³ÎŞ³Êİ¶Ò×255,,,,,122033,,ç—tŒ§sìs›–ì1’š–Ú7-26’næ,ç—tŒ§,sìs,›–ì1’š–Ú,7-26,’næ,,35.727479,139.927406,,,,,,,,,https://www.city.ichikawa.lg.jp/res04/1421000001.html,,,
122033,,sìs,ŠX“ª–h”ÆƒJƒƒ‰256,¶Ş²Ä³ÎŞ³Êİ¶Ò×256,,,,,122033,,ç—tŒ§sìs›–ì6’š–Ú17-4’næ,ç—tŒ§,sìs,›–ì6’š–Ú,17-4,’næ,,35.73322,139.915033,,,,,,,,,https://www.city.ichikawa.lg.jp/res04/1421000001.html,,,
122033,,sìs,ŠX“ª–h”ÆƒJƒƒ‰257,¶Ş²Ä³ÎŞ³Êİ¶Ò×257,,,,,122033,,ç—tŒ§sìs”ª”¦2’š–Ú4-8,ç—tŒ§,sìs,”ª”¦2’š–Ú,4-8,,‹Œ”ª”¦s–¯’k˜bº,35.722516,139.927924,,,,,,,,,https://www.city.ichikawa.lg.jp/res04/1421000001.html,,,
122033,,sìs,ŠX“ª–h”ÆƒJƒƒ‰258,¶Ş²Ä³ÎŞ³Êİ¶Ò×258,,,,,122033,,ç—tŒ§sìssì1’š–Ú24-2,ç—tŒ§,sìs,sì1’š–Ú,24-2,,sìsÁ–h‹Ç¼Á–h,35.729942,139.910429,,,,,,,,,https://www.city.ichikawa.lg.jp/res04/1421000001.html,,,
122033,,sìs,ŠX“ª–h”ÆƒJƒƒ‰259,¶Ş²Ä³ÎŞ³Êİ¶Ò×259,,,,,122033,,ç—tŒ§sìs“Œ›–ì1’š–Ú18-14’næ,ç—tŒ§,sìs,“Œ›–ì1’š–Ú,18-14,’næ,,35.729964,139.929245,,,,,,,,,https://www.city.ichikawa.lg.jp/res04/1421000001.html,,,
122033,,sìs,ŠX“ª–h”ÆƒJƒƒ‰260,¶Ş²Ä³ÎŞ³Êİ¶Ò×260,,,,,122033,,ç—tŒ§sìs’†R2’š–Ú19-6’næ,ç—tŒ§,sìs,’†R2’š–Ú,19-6,’næ,,35.722376,139.951816,,,,,,,,,https://www.city.ichikawa.lg.jp/res04/1421000001.html,,,
122033,,sìs,ŠX“ª–h”ÆƒJƒƒ‰261,¶Ş²Ä³ÎŞ³Êİ¶Ò×261,,,,,122033,,ç—tŒ§sìssì2’š–Ú16-10’næ,ç—tŒ§,sìs,sì2’š–Ú,16-10,’næ,,35.733561,139.902287,,,,,,,,,https://www.city.ichikawa.lg.jp/res04/1421000001.html,,,
122033,,sìs,ŠX“ª–h”ÆƒJƒƒ‰262,¶Ş²Ä³ÎŞ³Êİ¶Ò×262,,,,,122033,,ç—tŒ§sìs–­“T4’š–Ú1’næ,ç—tŒ§,sìs,–­“T4’š–Ú,1,’næ,,35.692022,139.925862,,,,,,,,,https://www.city.ichikawa.lg.jp/res04/1421000001.html,,,
122033,,sìs,ŠX“ª–h”ÆƒJƒƒ‰263,¶Ş²Ä³ÎŞ³Êİ¶Ò×263,,,,,122033,,ç—tŒ§sìs‘Š”Vì4’š–Ú8-2’næ,ç—tŒ§,sìs,‘Š”Vì4’š–Ú,8-2,’næ,,35.673052,139.901601,,,,,,,,,https://www.city.ichikawa.lg.jp/res04/1421000001.html,,,
122033,,sìs,ŠX“ª–h”ÆƒJƒƒ‰264,¶Ş²Ä³ÎŞ³Êİ¶Ò×264,,,,,122033,,ç—tŒ§sìs“ìs“¿1’š–Ú16-27’næ,ç—tŒ§,sìs,“ìs“¿1’š–Ú,16-27,’næ,,35.672409,139.902347,,,,,,,,,https://www.city.ichikawa.lg.jp/res04/1421000001.html,,,
122033,,sìs,ŠX“ª–h”ÆƒJƒƒ‰265,¶Ş²Ä³ÎŞ³Êİ¶Ò×265,,,,,122033,,ç—tŒ§sìs‘å–ì’¬2’š–Ú272’næ,ç—tŒ§,sìs,‘å–ì’¬2’š–Ú,272,’næ,,35.754889,139.952313,,,,,,,,,https://www.city.ichikawa.lg.jp/res04/1421000001.html,,,
122033,,sìs,ŠX“ª–h”ÆƒJƒƒ‰24,¶Ş²Ä³ÎŞ³Êİ¶Ò×24,,,,,122033,,ç—tŒ§sìssì1’š–Ú21-31,ç—tŒ§,sìs,sì1’š–Ú,21-31,,ƒŠ[ƒxƒ“ƒf[ƒ‹i“Œ‘¤j,35.732268,139.909853,,,,,,,,,https://www.city.ichikawa.lg.jp/res04/1421000001.html,,,
122033,,sìs,ŠX“ª–h”ÆƒJƒƒ‰30,¶Ş²Ä³ÎŞ³Êİ¶Ò×30,,,,,122033,,ç—tŒ§sìsV“c5’š–Ú18-13’næ,ç—tŒ§,sìs,V“c5’š–Ú,18-13,’næ,ƒRƒ“ƒrƒj‘O,35.728726,139.910156,,,,,,,,,https://www.city.ichikawa.lg.jp/res04/1421000001.html,,,
122033,,sìs,ŠX“ª–h”ÆƒJƒƒ‰32,¶Ş²Ä³ÎŞ³Êİ¶Ò×32,,,,,122033,,ç—tŒ§sìsV“c5’š–Ú9-11’næ,ç—tŒ§,sìs,V“c5’š–Ú,9-11,’næ,,35.728199,139.911657,,,,,,,,,https://www.city.ichikawa.lg.jp/res04/1421000001.html,,,
122033,,sìs,ŠX“ª–h”ÆƒJƒƒ‰34,¶Ş²Ä³ÎŞ³Êİ¶Ò×34,,,,,122033,,ç—tŒ§sìsV“c2’š–Ú26-6’næ,ç—tŒ§,sìs,V“c2’š–Ú,26-6,’næ,,35.725814,139.913218,,,,,,,,,https://www.city.ichikawa.lg.jp/res04/1421000001.html,,,
122033,,sìs,ŠX“ª–h”ÆƒJƒƒ‰35,¶Ş²Ä³ÎŞ³Êİ¶Ò×35,,,,,122033,,ç—tŒ§sìsV“c4’š–Ú8-17’næ,ç—tŒ§,sìs,V“c4’š–Ú,8-17,’næ,‚ä‚¤‚ä‚¤ƒ[ƒh,35.727233,139.908895,,,,,,,,,https://www.city.ichikawa.lg.jp/res04/1421000001.html,,,
122033,,sìs,ŠX“ª–h”ÆƒJƒƒ‰36,¶Ş²Ä³ÎŞ³Êİ¶Ò×36,,,,,122033,,ç—tŒ§sìsV“c4’š–Ú18-22’næ,ç—tŒ§,sìs,V“c4’š–Ú,18-22,’næ,‚ä‚¤‚ä‚¤ƒ[ƒh,35.725235,139.907659,,,,,,,,,https://www.city.ichikawa.lg.jp/res04/1421000001.html,,,
122033,,sìs,ŠX“ª–h”ÆƒJƒƒ‰40,¶Ş²Ä³ÎŞ³Êİ¶Ò×40,,,,,122033,,ç—tŒ§sìsV“c4’š–Ú17-24’næ,ç—tŒ§,sìs,V“c4’š–Ú,17-24,’næ,,35.725365,139.908597,,,,,,,,,https://www.city.ichikawa.lg.jp/res04/1421000001.html,,,
122033,,sìs,ŠX“ª–h”ÆƒJƒƒ‰42,¶Ş²Ä³ÎŞ³Êİ¶Ò×42,,,,,122033,,ç—tŒ§sìssì“ì2’š–Ú3-11’næ,ç—tŒ§,sìs,sì“ì2’š–Ú,3-11,’næ,sì“ì©¡‰ïŠÙ‘O,35.726091,139.905785,,,,,,,,,https://www.city.ichikawa.lg.jp/res04/1421000001.html,,,
122033,,sìs,ŠX“ª–h”ÆƒJƒƒ‰43,¶Ş²Ä³ÎŞ³Êİ¶Ò×43,,,,,122033,,ç—tŒ§sìssì“ì2’š–Ú5-27’næ,ç—tŒ§,sìs,sì“ì2’š–Ú,5-27,’næ,,35.725508,139.905416,,,,,,,,,https://www.city.ichikawa.lg.jp/res04/1421000001.html,,,
122033,,sìs,ŠX“ª–h”ÆƒJƒƒ‰1001,¶Ş²Ä³ÎŞ³Êİ¶Ò×1001,,,,,122033,,ç—tŒ§sìs‹{‹v•Û2’š–Ú18-24’næ,ç—tŒ§,sìs,‹{‹v•Û2’š–Ú,18-24,’næ,,35.737488,139.93258,,,,,,,,,https://www.city.ichikawa.lg.jp/res04/1421000001.html,,,
122033,,sìs,ŠX“ª–h”ÆƒJƒƒ‰1002,¶Ş²Ä³ÎŞ³Êİ¶Ò×1002,,,,,122033,,ç—tŒ§sìs“ì”ª”¦2’š–Ú21’næ,ç—tŒ§,sìs,“ì”ª”¦2’š–Ú,21,’næ,“ì”ª”¦‘æ‚QŒö‰€‘O,35.713424,139.926343,,,,,,,,,https://www.city.ichikawa.lg.jp/res04/1421000001.html,,,
122033,,sìs,ŠX“ª–h”ÆƒJƒƒ‰1003,¶Ş²Ä³ÎŞ³Êİ¶Ò×1003,,,,,122033,,ç—tŒ§sìssì“ì4’š–Ú7-18’næ,ç—tŒ§,sìs,sì“ì4’š–Ú,7-18,’næ,,35.727271,139.901248,,,,,,,,,https://www.city.ichikawa.lg.jp/res04/1421000001.html,,,
122033,,sìs,ŠX“ª–h”ÆƒJƒƒ‰1004,¶Ş²Ä³ÎŞ³Êİ¶Ò×1004,,,,,122033,,ç—tŒ§sìs”ˆä’¬2’š–Ú58-8’næ,ç—tŒ§,sìs,”ˆä’¬2’š–Ú,58-8,’næ,,35.742867,139.960886,,,,,,,,,https://www.city.ichikawa.lg.jp/res04/1421000001.html,,,
122033,,sìs,ŠX“ª–h”ÆƒJƒƒ‰1005,¶Ş²Ä³ÎŞ³Êİ¶Ò×1005,,,,,122033,,ç—tŒ§sìs^ŠÔ2’š–Ú24-20’næ,ç—tŒ§,sìs,^ŠÔ2’š–Ú,24-20,’næ,,35.736687,139.907649,,,,,,,,,https://www.city.ichikawa.lg.jp/res04/1421000001.html,,,
122033,,sìs,ŠX“ª–h”ÆƒJƒƒ‰1006,¶Ş²Ä³ÎŞ³Êİ¶Ò×1006,,,,,122033,,ç—tŒ§sìssì“ì4’š–Ú4-41’næ,ç—tŒ§,sìs,sì“ì4’š–Ú,4-41,’næ,,35.725364,139.901689,,,,,,,,,https://www.city.ichikawa.lg.jp/res04/1421000001.html,,,
122033,,sìs,ŠX“ª–h”ÆƒJƒƒ‰1007,¶Ş²Ä³ÎŞ³Êİ¶Ò×1007,,,,,122033,,ç—tŒ§sìssì“ì3’š–Ú1-12’næ,ç—tŒ§,sìs,sì“ì3’š–Ú,1-12,’næ,,35.728209,139.904864,,,,,,,,,https://www.city.ichikawa.lg.jp/res04/1421000001.html,,,
122033,,sìs,ŠX“ª–h”ÆƒJƒƒ‰1008,¶Ş²Ä³ÎŞ³Êİ¶Ò×1008,,,,,122033,,ç—tŒ§sìs‘]’J7’š–Ú19’næ,ç—tŒ§,sìs,‘]’J7’š–Ú,19,’næ,,35.746839,139.927716,,,,,,,,,https://www.city.ichikawa.lg.jp/res04/1421000001.html,,,
122033,,sìs,ŠX“ª–h”ÆƒJƒƒ‰1009,¶Ş²Ä³ÎŞ³Êİ¶Ò×1009,,,,,122033,,ç—tŒ§sìs•Ÿ‰h4’š–Ú9’næ,ç—tŒ§,sìs,•Ÿ‰h4’š–Ú,9,’næ,,35.671046,139.909982,,,,,,,,,https://www.city.ichikawa.lg.jp/res04/1421000001.html,,,
122033,,sìs,ŠX“ª–h”ÆƒJƒƒ‰1010,¶Ş²Ä³ÎŞ³Êİ¶Ò×1010,,,,,122033,,ç—tŒ§sìs•Ÿ‰h4’š–Ú22’næ,ç—tŒ§,sìs,•Ÿ‰h4’š–Ú,22,’næ,,35.67119,139.913822,,,,,,,,,https://www.city.ichikawa.lg.jp/res04/1421000001.html,,,
122033,,sìs,ŠX“ª–h”ÆƒJƒƒ‰1011,¶Ş²Ä³ÎŞ³Êİ¶Ò×1011,,,,,122033,,ç—tŒ§sìsá‹{2’š–Ú11-9’næ,ç—tŒ§,sìs,á‹{2’š–Ú,11-9,’næ,,35.721306,139.952229,,,,,,,,,https://www.city.ichikawa.lg.jp/res04/1421000001.html,,,
122033,,sìs,ŠX“ª–h”ÆƒJƒƒ‰1012,¶Ş²Ä³ÎŞ³Êİ¶Ò×1012,,,,,122033,,ç—tŒ§sìs‹{‹v•Û6’š–Ú1-27’næ,ç—tŒ§,sìs,‹{‹v•Û6’š–Ú,1-27,’næ,,35.736909,139.940478,,,,,,,,,https://www.city.ichikawa.lg.jp/res04/1421000001.html,,,
122033,,sìs,ŠX“ª–h”ÆƒJƒƒ‰1013,¶Ş²Ä³ÎŞ³Êİ¶Ò×1013,,,,,122033,,ç—tŒ§sìss“¿‰w‘O3’š–Ú2-3’næ,ç—tŒ§,sìs,s“¿‰w‘O3’š–Ú,2-3,’næ,,35.681771,139.918319,,,,,,,,,https://www.city.ichikawa.lg.jp/res04/1421000001.html,,,
122033,,sìs,ŠX“ª–h”ÆƒJƒƒ‰1014,¶Ş²Ä³ÎŞ³Êİ¶Ò×1014,,,,,122033,,ç—tŒ§sìssì2’š–Ú23-13’næ,ç—tŒ§,sìs,sì2’š–Ú,23-13,’næ,,35.732379,139.904938,,,,,,,,,https://www.city.ichikawa.lg.jp/res04/1421000001.html,,,
122033,,sìs,ŠX“ª–h”ÆƒJƒƒ‰1015,¶Ş²Ä³ÎŞ³Êİ¶Ò×1015,,,,,122033,,ç—tŒ§sìs•Ÿ‰h4’š–Ú20-4’næ,ç—tŒ§,sìs,•Ÿ‰h4’š–Ú,20-4,’næ,,35.669683,139.914733,,,,,,,,,https://www.city.ichikawa.lg.jp/res04/1421000001.html,,,
122033,,sìs,ŠX“ª–h”ÆƒJƒƒ‰1016,¶Ş²Ä³ÎŞ³Êİ¶Ò×1016,,,,,122033,,ç—tŒ§sìs“ì”ª”¦4’š–Ú17-18’næ,ç—tŒ§,sìs,“ì”ª”¦4’š–Ú,17-18,’næ,,35.717546,139.924287,,,,,,,,,https://www.city.ichikawa.lg.jp/res04/1421000001.html,,,
122033,,sìs,ŠX“ª–h”ÆƒJƒƒ‰1017,¶Ş²Ä³ÎŞ³Êİ¶Ò×1017,,,,,122033,,ç—tŒ§sìs“Œ‘å˜a“c1’š–Ú24-7’næ,ç—tŒ§,sìs,“Œ‘å˜a“c1’š–Ú,24-7,’næ,,35.713341,139.924527,,,,,,,,,https://www.city.ichikawa.lg.jp/res04/1421000001.html,,,
122033,,sìs,ŠX“ª–h”ÆƒJƒƒ‰1018,¶Ş²Ä³ÎŞ³Êİ¶Ò×1018,,,,,122033,,ç—tŒ§sìss“¿‰w‘O3’š–Ú6-10’næ,ç—tŒ§,sìs,s“¿‰w‘O3’š–Ú,6-10,’næ,,35.680235,139.918299,,,,,,,,,https://www.city.ichikawa.lg.jp/res04/1421000001.html,,,
122033,,sìs,ŠX“ª–h”ÆƒJƒƒ‰1019,¶Ş²Ä³ÎŞ³Êİ¶Ò×1019,,,,,122033,,ç—tŒ§sìs‚’J1’š–Ú7-14’næ,ç—tŒ§,sìs,‚’J1’š–Ú,7-14,’næ,,35.701626,139.940791,,,,,,,,,https://www.city.ichikawa.lg.jp/res04/1421000001.html,,,
122033,,sìs,ŠX“ª–h”ÆƒJƒƒ‰1020,¶Ş²Ä³ÎŞ³Êİ¶Ò×1020,,,,,122033,,ç—tŒ§sìs‚’J2’š–Ú12-23’næ,ç—tŒ§,sìs,‚’J2’š–Ú,12-23,’næ,,35.70004,139.939267,,,,,,,,,https://www.city.ichikawa.lg.jp/res04/1421000001.html,,,
122033,,sìs,ŠX“ª–h”ÆƒJƒƒ‰1021,¶Ş²Ä³ÎŞ³Êİ¶Ò×1021,,,,,122033,,ç—tŒ§sìs‚’J2’š–Ú16-4’næ,ç—tŒ§,sìs,‚’J2’š–Ú,16-4,’næ,,35.69859,139.939574,,,,,,,,,https://www.city.ichikawa.lg.jp/res04/1421000001.html,,,
122033,,sìs,ŠX“ª–h”ÆƒJƒƒ‰1022,¶Ş²Ä³ÎŞ³Êİ¶Ò×1022,,,,,122033,,ç—tŒ§sìssì“ì4’š–Ú1-5’næ,ç—tŒ§,sìs,sì“ì4’š–Ú,1-5,’næ,,35.726473,139.903305,,,,,,,,,https://www.city.ichikawa.lg.jp/res04/1421000001.html,,,
122033,,sìs,ŠX“ª–h”ÆƒJƒƒ‰1023,¶Ş²Ä³ÎŞ³Êİ¶Ò×1023,,,,,122033,,ç—tŒ§sìs‘å˜a“c4’š–Ú18-15’næ,ç—tŒ§,sìs,‘å˜a“c4’š–Ú,18-15,’næ,,35.718078,139.913809,,,,,,,,,https://www.city.ichikawa.lg.jp/res04/1421000001.html,,,
122033,,sìs,ŠX“ª–h”ÆƒJƒƒ‰1024,¶Ş²Ä³ÎŞ³Êİ¶Ò×1024,,,,,122033,,ç—tŒ§sìs“ì”ª”¦5’š–Ú10-3’næ,ç—tŒ§,sìs,“ì”ª”¦5’š–Ú,10-3,’næ,,35.721006,139.924674,,,,,,,,,https://www.city.ichikawa.lg.jp/res04/1421000001.html,,,
122033,,sìs,ŠX“ª–h”ÆƒJƒƒ‰1025,¶Ş²Ä³ÎŞ³Êİ¶Ò×1025,,,,,122033,,ç—tŒ§sìs“ì”ª”¦5’š–Ú15-6’næ,ç—tŒ§,sìs,“ì”ª”¦5’š–Ú,15-6,’næ,,35.719654,139.921408,,,,,,,,,https://www.city.ichikawa.lg.jp/res04/1421000001.html,,,
122033,,sìs,ŠX“ª–h”ÆƒJƒƒ‰1026,¶Ş²Ä³ÎŞ³Êİ¶Ò×1026,,,,,122033,,ç—tŒ§sìsL”ö1’š–Ú13-11’næ,ç—tŒ§,sìs,L”ö1’š–Ú,13-11,’næ,,35.676083,139.891551,,,,,,,,,https://www.city.ichikawa.lg.jp/res04/1421000001.html,,,
122033,,sìs,ŠX“ª–h”ÆƒJƒƒ‰266,¶Ş²Ä³ÎŞ³Êİ¶Ò×266,,,,,122033,,ç—tŒ§sìssì3’š–Ú27’næ,ç—tŒ§,sìs,sì3’š–Ú,27,’næ,,35.73705,139.902777,,,,,,,,,https://www.city.ichikawa.lg.jp/res04/1421000001.html,,,
122033,,sìs,ŠX“ª–h”ÆƒJƒƒ‰267,¶Ş²Ä³ÎŞ³Êİ¶Ò×267,,,,,122033,,ç—tŒ§sìs‚’J1’š–Ú8-1’næ,ç—tŒ§,sìs,‚’J1’š–Ú,8-1,’næ,,35.702051,139.94202,,,,,,,,,https://www.city.ichikawa.lg.jp/res04/1421000001.html,,,
122033,,sìs,ŠX“ª–h”ÆƒJƒƒ‰268,¶Ş²Ä³ÎŞ³Êİ¶Ò×268,,,,,122033,,ç—tŒ§sìs‰–•l2’š–Ú1’næ,ç—tŒ§,sìs,‰–•l2’š–Ú,1,’næ,,35.666732,139.923485,,,,,,,,,https://www.city.ichikawa.lg.jp/res04/1421000001.html,,,
122033,,sìs,ŠX“ª–h”ÆƒJƒƒ‰269,¶Ş²Ä³ÎŞ³Êİ¶Ò×269,,,,,122033,,ç—tŒ§sìs‰–•l2’š–Ú14’næ,ç—tŒ§,sìs,‰–•l2’š–Ú,14,’næ,,35.66616,139.924082,,,,,,,,,https://www.city.ichikawa.lg.jp/res04/1421000001.html,,,
122033,,sìs,ŠX“ª–h”ÆƒJƒƒ‰270,¶Ş²Ä³ÎŞ³Êİ¶Ò×270,,,,,122033,,ç—tŒ§sìs›–ì3’š–Ú22’næ,ç—tŒ§,sìs,›–ì3’š–Ú,22,’næ,,35.731975,139.914964,,,,,,,,,https://www.city.ichikawa.lg.jp/res04/1421000001.html,,,
122033,,sìs,ŠX“ª–h”ÆƒJƒƒ‰1028,¶Ş²Ä³ÎŞ³Êİ¶Ò×1028,,,,,122033,,ç—tŒ§sìs‹{‹v•Û1’š–Ú18-10’næ,ç—tŒ§,sìs,‹{‹v•Û1’š–Ú,18-10,’næ,,35.73729,139.92884,,,,,,,,,https://www.city.ichikawa.lg.jp/res04/1421000001.html,,,
122033,,sìs,ŠX“ª–h”ÆƒJƒƒ‰1029,¶Ş²Ä³ÎŞ³Êİ¶Ò×1029,,,,,122033,,ç—tŒ§sìs‹{‹v•Û4’š–Ú1-15’næ,ç—tŒ§,sìs,‹{‹v•Û4’š–Ú,1-15,’næ,,35.736752,139.934822,,,,,,,,,https://www.city.ichikawa.lg.jp/res04/1421000001.html,,,
122033,,sìs,ŠX“ª–h”ÆƒJƒƒ‰1030,¶Ş²Ä³ÎŞ³Êİ¶Ò×1030,,,,,122033,,ç—tŒ§sìs‘]’J5’š–Ú11-10,ç—tŒ§,sìs,‘]’J5’š–Ú,11-10,,R‰¤Œö‰€¼‘¤,35.747376,139.928502,,,,,,,,,https://www.city.ichikawa.lg.jp/res04/1421000001.html,,,
122033,,sìs,ŠX“ª–h”ÆƒJƒƒ‰1031,¶Ş²Ä³ÎŞ³Êİ¶Ò×1031,,,,,122033,,ç—tŒ§sìs‘]’J5’š–Ú11-10,ç—tŒ§,sìs,‘]’J5’š–Ú,11-10,,R‰¤Œö‰€“ì‘¤,35.747372,139.928591,,,,,,,,,https://www.city.ichikawa.lg.jp/res04/1421000001.html,,,
122033,,sìs,ŠX“ª–h”ÆƒJƒƒ‰1032,¶Ş²Ä³ÎŞ³Êİ¶Ò×1032,,,,,122033,,ç—tŒ§sìs“ì”ª”¦4’š–Ú5-12’næ,ç—tŒ§,sìs,“ì”ª”¦4’š–Ú,5-12,’næ,,35.71995,139.92509,,,,,,,,,https://www.city.ichikawa.lg.jp/res04/1421000001.html,,,
122033,,sìs,ŠX“ª–h”ÆƒJƒƒ‰1033,¶Ş²Ä³ÎŞ³Êİ¶Ò×1033,,,,,122033,,ç—tŒ§sìs“ú”Vo2’næ,ç—tŒ§,sìs,“ú”Vo,2,’næ,,35.67832,139.92379,,,,,,,,,https://www.city.ichikawa.lg.jp/res04/1421000001.html,,,
122033,,sìs,ŠX“ª–h”ÆƒJƒƒ‰1034,¶Ş²Ä³ÎŞ³Êİ¶Ò×1034,,,,,122033,,ç—tŒ§sìs“ú”Vo12’næ,ç—tŒ§,sìs,“ú”Vo,12,’næ,,35.675466,139.924397,,,,,,,,,https://www.city.ichikawa.lg.jp/res04/1421000001.html,,,
122033,,sìs,ŠX“ª–h”ÆƒJƒƒ‰1035,¶Ş²Ä³ÎŞ³Êİ¶Ò×1035,,,,,122033,,ç—tŒ§sìs‘]’J3’š–Ú36-2’næ,ç—tŒ§,sìs,‘]’J3’š–Ú,36-2,’næ,,35.7415,139.92941,,,,,,,,,https://www.city.ichikawa.lg.jp/res04/1421000001.html,,,
122033,,sìs,ŠX“ª–h”ÆƒJƒƒ‰1036,¶Ş²Ä³ÎŞ³Êİ¶Ò×1036,,,,,122033,,ç—tŒ§sìsL”ö1’š–Ú9-3’næ,ç—tŒ§,sìs,L”ö1’š–Ú,9-3,’næ,,35.67694,139.89246,,,,,,,,,https://www.city.ichikawa.lg.jp/res04/1421000001.html,,,
122033,,sìs,ŠX“ª–h”ÆƒJƒƒ‰1037,¶Ş²Ä³ÎŞ³Êİ¶Ò×1037,,,,,122033,,ç—tŒ§sìsL”ö2’š–Ú3’næ,ç—tŒ§,sìs,L”ö2’š–Ú,3,’næ,,35.678011,139.890977,,,,,,,,,https://www.city.ichikawa.lg.jp/res04/1421000001.html,,,
122033,,sìs,ŠX“ª–h”ÆƒJƒƒ‰1038,¶Ş²Ä³ÎŞ³Êİ¶Ò×1038,,,,,122033,,ç—tŒ§sìs‘å–ì’¬1’š–Ú423’næ,ç—tŒ§,sìs,‘å–ì’¬1’š–Ú,423,’næ,,35.747807,139.944748,,,,,,,,,https://www.city.ichikawa.lg.jp/res04/1421000001.html,,,
122033,,sìs,ŠX“ª–h”ÆƒJƒƒ‰271,¶Ş²Ä³ÎŞ³Êİ¶Ò×271,,,,,122033,,ç—tŒ§sìssì2’š–Ú23-13’næ,ç—tŒ§,sìs,sì2’š–Ú,23-13,’næ,,35.732111,139.904764,,,,,,,,,https://www.city.ichikawa.lg.jp/res04/1421000001.html,,,
122033,,sìs,ŠX“ª–h”ÆƒJƒƒ‰272,¶Ş²Ä³ÎŞ³Êİ¶Ò×272,,,,,122033,,ç—tŒ§sìs–x”V“à3’š–Ú24’næ,ç—tŒ§,sìs,–x”V“à3’š–Ú,24,’næ,,35.763843,139.913645,,,,,,,,,https://www.city.ichikawa.lg.jp/res04/1421000001.html,,,
122033,,sìs,ŠX“ª–h”ÆƒJƒƒ‰273,¶Ş²Ä³ÎŞ³Êİ¶Ò×273,,,,,122033,,ç—tŒ§sìs–x”V“à3’š–Ú18’næ,ç—tŒ§,sìs,–x”V“à3’š–Ú,18,’næ,,35.762718,139.914541,,,,,,,,,https://www.city.ichikawa.lg.jp/res04/1421000001.html,,,
122033,,sìs,ŠX“ª–h”ÆƒJƒƒ‰274,¶Ş²Ä³ÎŞ³Êİ¶Ò×274,,,,,122033,,ç—tŒ§sìs•x•l2’š–Ú2-5’næ,ç—tŒ§,sìs,•x•l2’š–Ú,2-5,’næ,,35.69157,139.92465,,,,,,,,,https://www.city.ichikawa.lg.jp/res04/1421000001.html,,,
122033,,sìs,ŠX“ª–h”ÆƒJƒƒ‰275,¶Ş²Ä³ÎŞ³Êİ¶Ò×275,,,,,122033,,ç—tŒ§sìss“¿‰w‘O2’š–Ú22-2’næ,ç—tŒ§,sìs,s“¿‰w‘O2’š–Ú,22-2,’næ,,35.682614,139.912356,,,,,,,,,https://www.city.ichikawa.lg.jp/res04/1421000001.html,,,
122033,,sìs,ŠX“ª–h”ÆƒJƒƒ‰1039,¶Ş²Ä³ÎŞ³Êİ¶Ò×1039,,,,,122033,,ç—tŒ§sìs‘]’J5’š–Ú14-11’næ,ç—tŒ§,sìs,‘]’J5’š–Ú,14-11,’næ,,35.747873,139.927217,,,,,,,,,https://www.city.ichikawa.lg.jp/res04/1421000001.html,,,
122033,,sìs,ŠX“ª–h”ÆƒJƒƒ‰1040,¶Ş²Ä³ÎŞ³Êİ¶Ò×1040,,,,,122033,,ç—tŒ§sìs‘]’J5’š–Ú9-13’næ,ç—tŒ§,sìs,‘]’J5’š–Ú,9-13,’næ,,35.747654,139.929908,,,,,,,,,https://www.city.ichikawa.lg.jp/res04/1421000001.html,,,
122033,,sìs,ŠX“ª–h”ÆƒJƒƒ‰1041,¶Ş²Ä³ÎŞ³Êİ¶Ò×1041,,,,,122033,,ç—tŒ§sìssì2’š–Ú24-12’næ,ç—tŒ§,sìs,sì2’š–Ú,24-12,’næ,,35.732619,139.903528,,,,,,,,,https://www.city.ichikawa.lg.jp/res04/1421000001.html,,,
122033,,sìs,ŠX“ª–h”ÆƒJƒƒ‰1042,¶Ş²Ä³ÎŞ³Êİ¶Ò×1042,,,,,122033,,ç—tŒ§sìs‹{‹v•Û2’š–Ú11-22’næ,ç—tŒ§,sìs,‹{‹v•Û2’š–Ú,11-22,’næ,,35.73892,139.93182,,,,,,,,,https://www.city.ichikawa.lg.jp/res04/1421000001.html,,,
122033,,sìs,ŠX“ª–h”ÆƒJƒƒ‰1043,¶Ş²Ä³ÎŞ³Êİ¶Ò×1043,,,,,122033,,ç—tŒ§sìs‹{‹v•Û6’š–Ú21-1’næ,ç—tŒ§,sìs,‹{‹v•Û6’š–Ú,21-1,’næ,,35.73784,139.94518,,,,,,,,,https://www.city.ichikawa.lg.jp/res04/1421000001.html,,,
122033,,sìs,ŠX“ª–h”ÆƒJƒƒ‰1044,¶Ş²Ä³ÎŞ³Êİ¶Ò×1044,,,,,122033,,ç—tŒ§sìs“ì”ª”¦5’š–Ú11-7,ç—tŒ§,sìs,“ì”ª”¦5’š–Ú,11-7,,ƒgƒ`ƒmƒLŒö‰€“à,35.7196,139.92217,,,,,,,,,https://www.city.ichikawa.lg.jp/res04/1421000001.html,,,
122033,,sìs,ŠX“ª–h”ÆƒJƒƒ‰1045,¶Ş²Ä³ÎŞ³Êİ¶Ò×1045,,,,,122033,,ç—tŒ§sìssì“ì4’š–Ú12-4’næ,ç—tŒ§,sìs,sì“ì4’š–Ú,12-4,’næ,,35.7282,139.90002,,,,,,,,,https://www.city.ichikawa.lg.jp/res04/1421000001.html,,,
122033,,sìs,ŠX“ª–h”ÆƒJƒƒ‰1046,¶Ş²Ä³ÎŞ³Êİ¶Ò×1046,,,,,122033,,ç—tŒ§sìsŒ‡^ŠÔ2’š–Ú13-16’næ,ç—tŒ§,sìs,Œ‡^ŠÔ2’š–Ú,13-16,’næ,,35.67588,139.9049,,,,,,,,,https://www.city.ichikawa.lg.jp/res04/1421000001.html,,,
122033,,sìs,ŠX“ª–h”ÆƒJƒƒ‰276,¶Ş²Ä³ÎŞ³Êİ¶Ò×276,,,,,122033,,ç—tŒ§sìs“ì”ª”¦3’š–Ú9-18,ç—tŒ§,sìs,“ì”ª”¦3’š–Ú,9-18,,”ª”¦™“¶Œö‰€,35.71915,139.92923,,,,,,,,,https://www.city.ichikawa.lg.jp/res04/1421000001.html,,,
122033,,sìs,ŠX“ª–h”ÆƒJƒƒ‰277,¶Ş²Ä³ÎŞ³Êİ¶Ò×277,,,,,122033,,ç—tŒ§sìs”ª”¦3’š–Ú25|12’næ,ç—tŒ§,sìs,”ª”¦3’š–Ú,25|12,’næ,,35.72486,139.92732,,,,,,,,,https://www.city.ichikawa.lg.jp/res04/1421000001.html,,,
